"badge_number","first_name","middle_names","surname","main_location","job_title","email","phone","smoker","starter","team","pki_details","test_user"
"150","Abbot","Clark","Underwood","NORTHERN REGIONAL","Legal Advisor","mattis@egestas.ca","0800 231 3293","N","EARLY","","CN=Abbot Clark (aclark),OU=People,O=OreosBelt,C=GB","N"
"151","Damon","Anika","Marquez","WESTERN REGIONAL","Financial Administrator","Donec.vitae@turpis.net","(013244) 38161","N","EARLY","","CN=Damon Anika (danika),OU=People,O=OreosBelt,C=GB","N"
"152","Vaughan","Ima","Benton","OVERSEAS FRANCE","Developer","nonummy@diamProindolor.co.uk","076 2933 6207","N","EARLY","","CN=Vaughan Ima (vima),OU=People,O=OreosBelt,C=GB","N"
"153","Ginger","Seth","Potter","OVERSEAS FRANCE","Desk Clerk","gravida.Aliquam@pedePraesent.net","(0113) 591 5477","Y","EARLY","","CN=Ginger Seth (gseth),OU=People,O=OreosBelt,C=GB","N"
"154","Gannon","Nicole","Mejia","WESTERN REGIONAL","IT Administrator","Phasellus.libero.mauris@liberoMorbi.net","07320 006593","N","EARLY","","CN=Gannon Nicole (gnicole),OU=People,O=OreosBelt,C=GB","N"
"155","Hayden","Ronan","Evans","WESTERN REGIONAL","Legal Advisor","in.magna.Phasellus@utipsum.org","(025) 6553 8219","N","EARLY","","CN=Hayden Ronan (hronan),OU=People,O=OreosBelt,C=GB","N"
"156","Savannah","Leilani","Fernandez","SOUTHERN REGIONAL","Developer","Cum.sociis@duiFuscealiquam.ca","07141 329655","N","EARLY","","CN=Savannah Leilani (sleilani),OU=People,O=OreosBelt,C=GB","N"
"157","Anthony","Ava","Petersen","OVERSEAS SPAIN","IT Administrator","mus.Proin.vel@mollisvitae.co.uk","0800 771980","N","EARLY","","CN=Anthony Ava (aava),OU=People,O=OreosBelt,C=GB","N"
"158","Sonia","Fatima","Cummings","NORTHERN REGIONAL","Financial Administrator","per@enim.com","070 9218 1524","N","EARLY","","CN=Sonia Fatima (sfatima),OU=People,O=OreosBelt,C=GB","N"
"159","Sloane","Isaac","Russell","OVERSEAS SPAIN","Financial Administrator","semper.egestas.urna@semmolestie.com","07624 721956","N","EARLY","","CN=Sloane Isaac (sisaac),OU=People,O=OreosBelt,C=GB","N"
"160","Hayfa","Carson","Freeman","SOUTHERN REGIONAL","Desk Clerk","ornare@montesnascetur.com","0880 526 4003","N","EARLY","","CN=Hayfa Carson (hcarson),OU=People,O=OreosBelt,C=GB","N"
"161","Reese","Ira","Baird","OVERSEAS CHINA","Financial Administrator","Praesent@semelitpharetra.edu","0500 972881","N","EARLY","","CN=Reese Ira (rira),OU=People,O=OreosBelt,C=GB","N"
"162","Minerva","Vaughan","Jones","NORTHERN REGIONAL","Developer","malesuada.fames@molestieintempus.net","0932 363 6722","N","EARLY","","CN=Minerva Vaughan (mvaughan),OU=People,O=OreosBelt,C=GB","N"
"163","Ebony","Angela","Howard","SOUTHERN REGIONAL","IT Administrator","aliquet.diam.Sed@In.net","076 5674 3217","Y","EARLY","CIRCUS","CN=Ebony Angela (eangela),OU=People,O=OreosBelt,C=GB","N"
"164","Felix","Fleur","Robinson","OVERSEAS CHINA","Legal Advisor","pharetra@orciquis.com","(01648) 30518","N","EARLY","","CN=Felix Fleur (ffleur),OU=People,O=OreosBelt,C=GB","N"
"165","Raymond","Ayanna","Pollard","WESTERN REGIONAL","IT Administrator","euismod.enim@enimnectempus.co.uk","(029) 1536 0787","N","EARLY","VOYAGER","CN=Raymond Ayanna (rayanna),OU=People,O=OreosBelt,C=GB","N"
"166","Pascale","April","Terry","NORTHERN REGIONAL","Desk Clerk","at@Morbineque.edu","0800 048 3190","N","EARLY","","CN=Pascale April (papril),OU=People,O=OreosBelt,C=GB","N"
"167","Mariam","Gretchen","Hayes","SOUTHERN REGIONAL","Developer","nec@auctor.co.uk","07624 224210","N","EARLY","","CN=Mariam Gretchen (mgretchen),OU=People,O=OreosBelt,C=GB","N"
"168","Vladimir","Madonna","Ross","NORTHERN REGIONAL","IT Administrator","faucibus@sollicitudincommodo.org","(019887) 24364","N","EARLY","","CN=Vladimir Madonna (vmadonna),OU=People,O=OreosBelt,C=GB","N"
"169","Maggie","Buckminster","Thornton","WESTERN REGIONAL","Desk Clerk","non.sapien@turpisAliquam.com","(0111) 544 1446","N","EARLY","","CN=Maggie Buckminster (mbuckminster),OU=People,O=OreosBelt,C=GB","N"
"170","Rose","Laith","Sears","WESTERN REGIONAL","Desk Clerk","nibh@Donecporttitortellus.net","056 6147 3995","N","EARLY","","CN=Rose Laith (rlaith),OU=People,O=OreosBelt,C=GB","N"
"171","Ishmael","Diana","Mercado","OVERSEAS SPAIN","IT Administrator","euismod@massa.net","(0161) 733 7991","N","LATE","","CN=Ishmael Diana (idiana),OU=People,O=OreosBelt,C=GB","N"
"172","Whitney","Eric","Lara","OVERSEAS SPAIN","Systems Administrator","nec.euismod.in@magna.edu","055 4908 7490","N","EARLY","CIRCUS","CN=Whitney Eric (weric),OU=People,O=OreosBelt,C=GB","N"
"173","Caleb","Stephen","Mcintyre","HQ","Developer","fermentum.convallis@a.net","0800 592793","N","EARLY","","CN=Caleb Stephen (cstephen),OU=People,O=OreosBelt,C=GB","N"
"174","Rose","Fulton","Simon","OVERSEAS SPAIN","Systems Administrator","dictum.Phasellus.in@dolorquamelementum.edu","076 1762 2623","N","EARLY","VOYAGER","CN=Rose Fulton (rfulton),OU=People,O=OreosBelt,C=GB","N"
"175","Orson","Lael","Beck","NORTHERN REGIONAL","Legal Advisor","eget.mollis@utcursusluctus.com","0500 158966","N","EARLY","","CN=Orson Lael (olael),OU=People,O=OreosBelt,C=GB","N"
"176","Brielle","Nola","Russell","NORTHERN REGIONAL","Desk Clerk","egestas@neceuismodin.edu","0845 46 49","N","EARLY","CIRCUS","CN=Brielle Nola (bnola),OU=People,O=OreosBelt,C=GB","N"
"177","Justin","Danielle","Roman","HQ","Shift Worker","eget.lacus@vitaediam.org","0800 1111","N","SHIFTS","CIRCUS","CN=Justin Danielle (jdanielle),OU=People,O=OreosBelt,C=GB","N"
"178","Janna","Zia","Mcdaniel","OVERSEAS FRANCE","IT Administrator","Quisque@nulla.net","055 0892 4969","N","EARLY","STRUCTURE","CN=Janna Zia (jzia),OU=People,O=OreosBelt,C=GB","N"
"179","Beatrice","Price","Lancaster","NORTHERN REGIONAL","IT Administrator","Duis.dignissim.tempor@metusurnaconvallis.co.uk","(016977) 5130","N","LATE","VOYAGER","CN=Beatrice Price (bprice),OU=People,O=OreosBelt,C=GB","N"
"180","Candice","Abigail","Burks","NORTHERN REGIONAL","Financial Administrator","dignissim@Suspendisseeleifend.ca","(01066) 47779","N","EARLY","","CN=Candice Abigail (cabigail),OU=People,O=OreosBelt,C=GB","N"
"181","Lucy","Ava","Marsh","HQ","Financial Administrator","ac.nulla.In@vulputate.ca","(01781) 26420","N","EARLY","","CN=Lucy Ava (lava),OU=People,O=OreosBelt,C=GB","N"
"182","Felicia","Beatrice","Hess","HQ","Systems Administrator","nisl.elementum@urna.net","07624 910177","N","EARLY","","CN=Felicia Beatrice (fbeatrice),OU=People,O=OreosBelt,C=GB","N"
"183","Maggie","Ashton","Young","SOUTHERN REGIONAL","Developer","enim.gravida@erosNam.ca","070 2180 6840","N","EARLY","CIRCUS","CN=Maggie Ashton (mashton),OU=People,O=OreosBelt,C=GB","N"
"184","Uta","Rina","Sargent","SOUTHERN REGIONAL","IT Administrator","auctor.velit@convallisconvallisdolor.ca","(016977) 4187","N","EARLY","STRUCTURE","CN=Uta Rina (urina),OU=People,O=OreosBelt,C=GB","N"
"185","Alexander","Iona","Rhodes","HQ","Legal Advisor","pretium@consequatpurus.co.uk","056 7744 4773","N","EARLY","","CN=Alexander Iona (aiona),OU=People,O=OreosBelt,C=GB","N"
"186","Lawrence","Linus","Mckinney","OVERSEAS FRANCE","Developer","aptent@magnaNamligula.edu","0800 082592","Y","EARLY","","CN=Lawrence Linus (llinus),OU=People,O=OreosBelt,C=GB","N"
"187","Kevin","Kameko","House","EASTERN REGIONAL","IT Administrator","metus.urna@et.com","0800 1111","N","LATE","","CN=Kevin Kameko (kkameko),OU=People,O=OreosBelt,C=GB","N"
"188","Amber","Elmo","Parsons","OVERSEAS CHINA","IT Administrator","gravida.sagittis@aodio.co.uk","(0121) 777 3721","N","EARLY","","CN=Amber Elmo (aelmo),OU=People,O=OreosBelt,C=GB","N"
"189","Isaiah","Dominique","Lopez","OVERSEAS FRANCE","Developer","fringilla.ornare@luctusfelispurus.edu","(01145) 659404","N","EARLY","VOYAGER","CN=Isaiah Dominique (idominique),OU=People,O=OreosBelt,C=GB","N"
"190","Emma","Omar","Stout","OVERSEAS CHINA","Systems Administrator","mi.ac.mattis@lobortismauris.ca","0923 027 9850","N","EARLY","","CN=Emma Omar (eomar),OU=People,O=OreosBelt,C=GB","N"
"191","Yardley","Sean","Schwartz","OVERSEAS SPAIN","Systems Administrator","sagittis.augue.eu@necquam.ca","0870 497 4123","N","EARLY","","CN=Yardley Sean (ysean),OU=People,O=OreosBelt,C=GB","N"
"192","Lillith","Jeremy","Caldwell","WESTERN REGIONAL","Desk Clerk","auctor@dictummiac.org","070 5633 5149","N","EARLY","VOYAGER","CN=Lillith Jeremy (ljeremy),OU=People,O=OreosBelt,C=GB","N"
"193","Macon","Conan","Morrison","EASTERN REGIONAL","Legal Advisor","ullamcorper.eu@tellusnon.net","070 0751 4724","Y","EARLY","","CN=Macon Conan (mconan),OU=People,O=OreosBelt,C=GB","N"
"194","Arthur","Regina","Sellers","OVERSEAS CHINA","IT Administrator","Etiam.bibendum.fermentum@vulputateullamcorpermagna.com","07452 108958","N","EARLY","","CN=Arthur Regina (aregina),OU=People,O=OreosBelt,C=GB","N"
"195","Grace","Lenore","Holcomb","OVERSEAS FRANCE","Legal Advisor","eget.odio@dictumProin.co.uk","055 8816 9000","N","EARLY","CIRCUS","CN=Grace Lenore (glenore),OU=People,O=OreosBelt,C=GB","N"
"196","Cameron","Jason","Hyde","OVERSEAS SPAIN","IT Administrator","id@augueut.edu","070 7922 0111","N","LATE","","CN=Cameron Jason (cjason),OU=People,O=OreosBelt,C=GB","N"
"197","Deacon","Charissa","Haley","SOUTHERN REGIONAL","Systems Administrator","condimentum@Donecporttitortellus.ca","0800 937 8113","N","EARLY","","CN=Deacon Charissa (dcharissa),OU=People,O=OreosBelt,C=GB","N"
"198","Ivory","Daniel","Wyatt","OVERSEAS FRANCE","Desk Clerk","tortor.Nunc@ornaresagittis.org","056 9505 1790","N","EARLY","STRUCTURE","CN=Ivory Daniel (idaniel),OU=People,O=OreosBelt,C=GB","N"
"199","Cullen","Cadman","Holland","HQ","Developer","dictum.eleifend.nunc@Aliquamrutrum.edu","055 2287 9024","N","EARLY","","CN=Cullen Cadman (ccadman),OU=People,O=OreosBelt,C=GB","N"
"200","Quail","Octavius","Sanders","OVERSEAS SPAIN","Systems Administrator","euismod.urna@lacusQuisqueimperdiet.org","(016977) 8344","N","EARLY","","CN=Quail Octavius (qoctavius),OU=People,O=OreosBelt,C=GB","N"
"201","Marsden","Garth","Lee","OVERSEAS FRANCE","Legal Advisor","sem.consequat@dui.ca","056 8957 8377","N","EARLY","VOYAGER","CN=Marsden Garth (mgarth),OU=People,O=OreosBelt,C=GB","N"
"202","Rudyard","Marny","Foster","HQ","Desk Clerk","mus.Aenean@euismodurnaNullam.edu","(0191) 460 5380","N","EARLY","CIRCUS","CN=Rudyard Marny (rmarny),OU=People,O=OreosBelt,C=GB","N"
"203","Lawrence","Iola","Mcclure","NORTHERN REGIONAL","IT Administrator","Cras.convallis@laoreet.edu","(014378) 14852","Y","EARLY","","CN=Lawrence Iola (liola),OU=People,O=OreosBelt,C=GB","N"
"204","Vivien","Reese","Henderson","EASTERN REGIONAL","Financial Administrator","rutrum@vulputatenisisem.edu","056 6005 8513","N","EARLY","","CN=Vivien Reese (vreese),OU=People,O=OreosBelt,C=GB","N"
"205","Kuame","Daphne","English","OVERSEAS SPAIN","Legal Advisor","Sed.neque@lobortisaugue.co.uk","076 7928 1113","N","EARLY","","CN=Kuame Daphne (kdaphne),OU=People,O=OreosBelt,C=GB","N"
"206","Yoshio","Logan","Walton","SOUTHERN REGIONAL","IT Administrator","non.massa.non@insodaleselit.org","0800 047927","N","EARLY","","CN=Yoshio Logan (ylogan),OU=People,O=OreosBelt,C=GB","N"
"207","Unity","Quinlan","Dudley","OVERSEAS SPAIN","Systems Administrator","Aenean@lobortistellus.com","070 9828 1254","N","EARLY","","CN=Unity Quinlan (uquinlan),OU=People,O=OreosBelt,C=GB","N"
"208","Paki","Gisela","Mcconnell","SOUTHERN REGIONAL","Systems Administrator","rutrum.lorem.ac@aliquetdiamSed.ca","(0110) 515 4738","N","EARLY","","CN=Paki Gisela (pgisela),OU=People,O=OreosBelt,C=GB","N"
"209","Rhoda","Jakeem","Blair","WESTERN REGIONAL","Developer","ut.pellentesque@facilisislorem.net","(012399) 55349","N","EARLY","CIRCUS","CN=Rhoda Jakeem (rjakeem),OU=People,O=OreosBelt,C=GB","N"
"210","Armand","Kennan","Horne","EASTERN REGIONAL","Desk Clerk","dapibus@turpis.org","0800 599952","N","EARLY","STRUCTURE","CN=Armand Kennan (akennan),OU=People,O=OreosBelt,C=GB","N"
"211","Lareina","Ingrid","Obrien","SOUTHERN REGIONAL","Systems Administrator","bibendum.Donec@eratvitaerisus.co.uk","0924 983 7158","Y","EARLY","","CN=Lareina Ingrid (lingrid),OU=People,O=OreosBelt,C=GB","N"
"212","Simone","Sharon","Head","NORTHERN REGIONAL","Systems Administrator","ultrices.Vivamus@odiovel.co.uk","07072 129443","N","EARLY","","CN=Simone Sharon (ssharon),OU=People,O=OreosBelt,C=GB","N"
"213","Denise","Kane","Clements","EASTERN REGIONAL","IT Administrator","scelerisque.lorem.ipsum@Aeneansed.edu","056 1302 2742","N","EARLY","","CN=Denise Kane (dkane),OU=People,O=OreosBelt,C=GB","N"
"214","Chandler","Jordan","Carver","WESTERN REGIONAL","Financial Administrator","at.fringilla.purus@Crasinterdum.org","0500 312339","N","EARLY","CIRCUS","CN=Chandler Jordan (cjordan),OU=People,O=OreosBelt,C=GB","N"
"215","Sonia","Alice","Gould","SOUTHERN REGIONAL","Systems Administrator","dapibus@tortor.org","0800 1111","N","EARLY","","CN=Sonia Alice (salice),OU=People,O=OreosBelt,C=GB","N"
"216","Maxine","Tara","Franklin","SOUTHERN REGIONAL","IT Administrator","sed.dui@antelectus.ca","0823 006 6129","N","LATE","","CN=Maxine Tara (mtara),OU=People,O=OreosBelt,C=GB","N"
"217","Ina","Idola","Fowler","HQ","IT Administrator","Nam.ac.nulla@magnisdis.edu","(01333) 482813","N","EARLY","","CN=Ina Idola (iidola),OU=People,O=OreosBelt,C=GB","N"
"218","Xantha","Fuller","Mccall","OVERSEAS FRANCE","Systems Administrator","egestas@vel.co.uk","056 2497 1696","N","EARLY","","CN=Xantha Fuller (xfuller),OU=People,O=OreosBelt,C=GB","N"
"219","Marsden","Carter","Holmes","OVERSEAS FRANCE","Legal Advisor","at.fringilla@sedorcilobortis.edu","07349 446743","Y","EARLY","VOYAGER","CN=Marsden Carter (mcarter),OU=People,O=OreosBelt,C=GB","N"
"220","Barclay","Martena","Bond","OVERSEAS CHINA","Legal Advisor","libero@ametnullaDonec.net","0993 857 7805","N","EARLY","CIRCUS","CN=Barclay Martena (bmartena),OU=People,O=OreosBelt,C=GB","N"
"221","Jarrod","Maisie","Pollard","OVERSEAS CHINA","Desk Clerk","Fusce.mi.lorem@tempusrisusDonec.ca","07624 420186","N","EARLY","STRUCTURE","CN=Jarrod Maisie (jmaisie),OU=People,O=OreosBelt,C=GB","N"
"222","Quentin","Craig","Robinson","NORTHERN REGIONAL","Developer","ante.Vivamus@Aliquamauctorvelit.co.uk","055 9827 6341","N","EARLY","CIRCUS","CN=Quentin Craig (qcraig),OU=People,O=OreosBelt,C=GB","N"
"223","Dara","Deborah","Branch","OVERSEAS SPAIN","IT Administrator","tincidunt.vehicula.risus@Phaselluslibero.ca","(022) 2019 8239","N","EARLY","","CN=Dara Deborah (ddeborah),OU=People,O=OreosBelt,C=GB","N"
"224","Neil","Sharon","Johnson","OVERSEAS FRANCE","Desk Clerk","lectus.Nullam@eros.net","0960 926 0931","N","EARLY","CIRCUS","CN=Neil Sharon (nsharon),OU=People,O=OreosBelt,C=GB","N"
"225","Astra","Kim","Perkins","WESTERN REGIONAL","Desk Clerk","luctus@nislsemconsequat.ca","(016220) 43550","N","EARLY","STRUCTURE","CN=Astra Kim (akim),OU=People,O=OreosBelt,C=GB","N"
"226","Inga","Damian","Smith","OVERSEAS FRANCE","Financial Administrator","lobortis@pede.co.uk","055 9329 2473","Y","EARLY","","CN=Inga Damian (idamian),OU=People,O=OreosBelt,C=GB","N"
"227","Macy","Nathan","Woods","SOUTHERN REGIONAL","Desk Clerk","a.feugiat.tellus@mauriseu.org","0500 906816","N","EARLY","VOYAGER","CN=Macy Nathan (mnathan),OU=People,O=OreosBelt,C=GB","N"
"228","Hector","Arsenio","Guthrie","EASTERN REGIONAL","Developer","augue.eu@Cumsociisnatoque.edu","070 0087 5119","N","EARLY","","CN=Hector Arsenio (harsenio),OU=People,O=OreosBelt,C=GB","N"
"229","Hilary","Cadman","Skinner","HQ","IT Administrator","non@temporbibendumDonec.ca","056 7160 2363","Y","LATE","","CN=Hilary Cadman (hcadman),OU=People,O=OreosBelt,C=GB","N"
"230","Charissa","Keane","Molina","OVERSEAS SPAIN","Systems Administrator","semper.tellus@bibendum.edu","0972 917 1391","N","EARLY","","CN=Charissa Keane (ckeane),OU=People,O=OreosBelt,C=GB","N"
"231","Peter","Bevis","Craft","HQ","Legal Advisor","amet@vulputatemaurissagittis.net","0814 752 0201","N","EARLY","STRUCTURE","CN=Peter Bevis (pbevis),OU=People,O=OreosBelt,C=GB","N"
"232","Fleur","Gay","Galloway","SOUTHERN REGIONAL","Desk Clerk","tincidunt@mattisvelitjusto.ca","070 1363 6370","N","EARLY","","CN=Fleur Gay (fgay),OU=People,O=OreosBelt,C=GB","N"
"233","Lamar","Shannon","Stone","WESTERN REGIONAL","Legal Advisor","at.augue@nibh.edu","0852 589 7347","N","EARLY","","CN=Lamar Shannon (lshannon),OU=People,O=OreosBelt,C=GB","N"
"234","Paul","Nicholas","Waller","OVERSEAS FRANCE","Desk Clerk","In.nec@pharetrafeliseget.com","(016977) 3999","N","EARLY","","CN=Paul Nicholas (pnicholas),OU=People,O=OreosBelt,C=GB","N"
"235","Leilani","Violet","Mejia","OVERSEAS CHINA","Systems Administrator","quam@ligula.com","0845 46 40","N","EARLY","","CN=Leilani Violet (lviolet),OU=People,O=OreosBelt,C=GB","N"
"236","Colton","Zelda","Barker","OVERSEAS SPAIN","IT Administrator","magna@non.co.uk","0800 888 1012","Y","EARLY","","CN=Colton Zelda (czelda),OU=People,O=OreosBelt,C=GB","N"
"237","Damon","Iris","Wells","EASTERN REGIONAL","Financial Administrator","enim@egestas.ca","0500 442539","N","EARLY","","CN=Damon Iris (diris),OU=People,O=OreosBelt,C=GB","N"
"238","Upton","Simone","Fulton","OVERSEAS CHINA","Desk Clerk","sit.amet@sedleoCras.co.uk","(01712) 047250","N","EARLY","","CN=Upton Simone (usimone),OU=People,O=OreosBelt,C=GB","N"
"239","Nigel","Travis","Woodard","OVERSEAS FRANCE","Legal Advisor","Integer@ornarelibero.edu","070 2321 6989","N","EARLY","CIRCUS","CN=Nigel Travis (ntravis),OU=People,O=OreosBelt,C=GB","N"
"240","Ava","Kieran","Glenn","NORTHERN REGIONAL","Developer","Quisque@tortorat.ca","(01689) 475509","N","EARLY","","CN=Ava Kieran (akieran),OU=People,O=OreosBelt,C=GB","N"
"241","Lael","Ray","Wheeler","SOUTHERN REGIONAL","Financial Administrator","pede.nonummy@egetnisi.edu","(011982) 25113","N","EARLY","","CN=Lael Ray (lray),OU=People,O=OreosBelt,C=GB","N"
"242","Rooney","Meghan","Price","EASTERN REGIONAL","Desk Clerk","velit.eu@amet.org","(016750) 50534","N","EARLY","","CN=Rooney Meghan (rmeghan),OU=People,O=OreosBelt,C=GB","N"
"243","Miriam","May","Torres","WESTERN REGIONAL","Legal Advisor","Vestibulum.ante@taciti.com","(0131) 580 1237","N","EARLY","CIRCUS","CN=Miriam May (mmay),OU=People,O=OreosBelt,C=GB","N"
"244","Luke","Kirk","Grant","HQ","Financial Administrator","montes.nascetur.ridiculus@blandit.edu","(0191) 374 0265","Y","EARLY","","CN=Luke Kirk (lkirk),OU=People,O=OreosBelt,C=GB","N"
"245","Driscoll","Carlos","Byers","EASTERN REGIONAL","Developer","magna.Phasellus.dolor@bibendumsedest.co.uk","0800 784 3865","N","EARLY","","CN=Driscoll Carlos (dcarlos),OU=People,O=OreosBelt,C=GB","N"
"246","Preston","Beau","Rogers","OVERSEAS SPAIN","Developer","id.magna@dapibusquam.ca","055 3892 9700","N","EARLY","","CN=Preston Beau (pbeau),OU=People,O=OreosBelt,C=GB","N"
"247","Alvin","Halla","Jackson","EASTERN REGIONAL","Legal Advisor","Integer@nequevitaesemper.co.uk","070 5087 4565","N","EARLY","","CN=Alvin Halla (ahalla),OU=People,O=OreosBelt,C=GB","N"
"248","Steel","Igor","Rowland","WESTERN REGIONAL","IT Administrator","quis.diam@nec.edu","070 0769 2891","N","EARLY","","CN=Steel Igor (sigor),OU=People,O=OreosBelt,C=GB","N"
"249","Phelan","Harlan","Compton","HQ","Financial Administrator","facilisis.eget.ipsum@pedeSuspendissedui.co.uk","056 8589 5761","N","EARLY","","CN=Phelan Harlan (pharlan),OU=People,O=OreosBelt,C=GB","N"
"300","Jenna","Cyrus","Kaufman","EASTERN REGIONAL","Legal Advisor","adipiscing@Ut.ca","(01959) 83507","N","EARLY","","CN=Jenna Cyrus (jcyrus),OU=People,O=OreosBelt,C=GB","N"
"301","Slade","Reagan","Pena","EASTERN REGIONAL","Desk Clerk","Duis@eunullaat.net","07944 514436","N","EARLY","","CN=Slade Reagan (sreagan),OU=People,O=OreosBelt,C=GB","N"
"302","Stephen","Mason","Anthony","OVERSEAS CHINA","Developer","Sed.et@odiotristique.co.uk","(01118) 49261","Y","EARLY","","CN=Stephen Mason (smason),OU=People,O=OreosBelt,C=GB","N"
"303","Edan","Quyn","Curry","NORTHERN REGIONAL","Financial Administrator","eu.dolor@lacusEtiambibendum.org","(0118) 365 2203","N","EARLY","","CN=Edan Quyn (equyn),OU=People,O=OreosBelt,C=GB","N"
"304","Wanda","Alyssa","Wood","OVERSEAS SPAIN","Financial Administrator","Morbi.neque@mollisnec.net","0363 141 3994","N","EARLY","","CN=Wanda Alyssa (walyssa),OU=People,O=OreosBelt,C=GB","N"
"305","Louis","Gemma","Giles","OVERSEAS FRANCE","IT Administrator","Mauris@utaliquam.co.uk","0999 464 1299","N","EARLY","","CN=Louis Gemma (lgemma),OU=People,O=OreosBelt,C=GB","N"
"306","Iona","Jolene","Dotson","HQ","Developer","eget.nisi.dictum@mollisvitae.edu","0800 1111","N","EARLY","","CN=Iona Jolene (ijolene),OU=People,O=OreosBelt,C=GB","N"
"307","Raya","Quamar","Floyd","OVERSEAS CHINA","Desk Clerk","nisl.Maecenas@vitaeorci.net","(0121) 235 7053","N","EARLY","","CN=Raya Quamar (rquamar),OU=People,O=OreosBelt,C=GB","N"
"308","Kennan","Mollie","Morgan","EASTERN REGIONAL","IT Administrator","varius.orci.in@non.com","055 3057 3747","N","EARLY","","CN=Kennan Mollie (kmollie),OU=People,O=OreosBelt,C=GB","N"
"309","Cassady","Aristotle","Lynch","OVERSEAS CHINA","Financial Administrator","Nulla@nec.com","076 3341 4164","N","EARLY","","CN=Cassady Aristotle (caristotle),OU=People,O=OreosBelt,C=GB","N"
"310","Michelle","Echo","Donovan","HQ","Legal Advisor","lacus.Quisque.imperdiet@sagittisplacerat.co.uk","(0110) 468 2533","N","EARLY","","CN=Michelle Echo (mecho),OU=People,O=OreosBelt,C=GB","N"
"311","Emerald","Orson","Chavez","HQ","IT Administrator","tortor@convallis.com","(01781) 036174","Y","EARLY","","CN=Emerald Orson (eorson),OU=People,O=OreosBelt,C=GB","N"
"312","Selma","Cedric","Barrett","SOUTHERN REGIONAL","Systems Administrator","vel@lorem.com","(016977) 1474","N","EARLY","","CN=Selma Cedric (scedric),OU=People,O=OreosBelt,C=GB","N"
"313","Miriam","Silas","Horn","OVERSEAS FRANCE","Developer","neque.venenatis@viverra.org","0979 317 1240","N","EARLY","","CN=Miriam Silas (msilas),OU=People,O=OreosBelt,C=GB","N"
"314","Cedric","Kameko","Alvarez","HQ","IT Administrator","iaculis.aliquet@fermentumarcu.org","0800 208733","Y","LATE","","CN=Cedric Kameko (ckameko),OU=People,O=OreosBelt,C=GB","N"
"315","Jada","Malik","Prince","EASTERN REGIONAL","IT Administrator","ornare.lectus.ante@justoeuarcu.ca","(0114) 566 8303","N","EARLY","","CN=Jada Malik (jmalik),OU=People,O=OreosBelt,C=GB","N"
"316","Matthew","Cedric","Sargent","HQ","Developer","leo.Morbi.neque@odio.ca","076 6299 0635","N","EARLY","","CN=Matthew Cedric (mcedric),OU=People,O=OreosBelt,C=GB","N"
"317","Leroy","Myra","Jacobson","OVERSEAS SPAIN","Financial Administrator","elit.sed.consequat@cursusluctusipsum.com","07055 985705","N","EARLY","","CN=Leroy Myra (lmyra),OU=People,O=OreosBelt,C=GB","N"
"318","Penelope","Joseph","Hayes","NORTHERN REGIONAL","Legal Advisor","nec.ligula.consectetuer@egestasDuisac.com","055 7375 2698","N","EARLY","","CN=Penelope Joseph (pjoseph),OU=People,O=OreosBelt,C=GB","N"
"319","Tanya","Vivien","Pate","OVERSEAS CHINA","Systems Administrator","nec.imperdiet@nasceturridiculusmus.co.uk","076 5153 9575","N","EARLY","","CN=Tanya Vivien (tvivien),OU=People,O=OreosBelt,C=GB","N"
"320","Nash","Talon","Finch","NORTHERN REGIONAL","IT Administrator","velit.dui@mauriselit.ca","(016977) 3244","N","EARLY","","CN=Nash Talon (ntalon),OU=People,O=OreosBelt,C=GB","N"
"321","Nissim","Shad","Padilla","OVERSEAS FRANCE","Systems Administrator","erat@nislNullaeu.co.uk","056 5431 3407","N","EARLY","","CN=Nissim Shad (nshad),OU=People,O=OreosBelt,C=GB","N"
"322","Eleanor","Adam","Chambers","NORTHERN REGIONAL","Legal Advisor","semper.erat@laciniavitae.org","0950 671 1856","N","EARLY","","CN=Eleanor Adam (eadam),OU=People,O=OreosBelt,C=GB","N"
"323","Portia","Hector","Howard","EASTERN REGIONAL","Financial Administrator","ligula.Nullam.feugiat@feugiat.ca","(023) 8463 0016","N","EARLY","","CN=Portia Hector (phector),OU=People,O=OreosBelt,C=GB","N"
"324","Thor","Kyle","Lee","NORTHERN REGIONAL","Desk Clerk","non.massa.non@ligulaNullam.ca","0800 846393","N","EARLY","","CN=Thor Kyle (tkyle),OU=People,O=OreosBelt,C=GB","N"
"325","Hall","Whilemina","Decker","WESTERN REGIONAL","Desk Clerk","dolor.nonummy@lobortis.edu","(019291) 79743","N","EARLY","","CN=Hall Whilemina (hwhilemina),OU=People,O=OreosBelt,C=GB","N"
"326","Madison","Ian","Powers","WESTERN REGIONAL","Systems Administrator","orci@temporestac.org","0800 118089","N","EARLY","","CN=Madison Ian (mian),OU=People,O=OreosBelt,C=GB","N"
"327","Lael","Shoshana","Moreno","NORTHERN REGIONAL","Systems Administrator","id.nunc.interdum@fringillaporttitor.org","(016977) 9184","N","EARLY","","CN=Lael Shoshana (lshoshana),OU=People,O=OreosBelt,C=GB","N"
"328","Colleen","Vladimir","Mcguire","HQ","Developer","rhoncus.Nullam@egetvolutpatornare.org","055 6128 9230","Y","EARLY","","CN=Colleen Vladimir (cvladimir),OU=People,O=OreosBelt,C=GB","N"
"329","Briar","Naida","Mcclain","HQ","Financial Administrator","vulputate.ullamcorper.magna@elitAliquam.edu","0942 823 9632","N","EARLY","","CN=Briar Naida (bnaida),OU=People,O=OreosBelt,C=GB","N"
"330","Britanni","Genevieve","Mayer","SOUTHERN REGIONAL","Systems Administrator","laoreet@sapien.edu","(0161) 465 7390","N","EARLY","","CN=Britanni Genevieve (bgenevieve),OU=People,O=OreosBelt,C=GB","N"
"331","Dexter","Georgia","Goff","EASTERN REGIONAL","IT Administrator","tellus.Nunc.lectus@semperet.co.uk","056 0202 8673","N","EARLY","","CN=Dexter Georgia (dgeorgia),OU=People,O=OreosBelt,C=GB","N"
"332","Bree","Andrew","Floyd","SOUTHERN REGIONAL","Desk Clerk","euismod@tacitisociosquad.co.uk","076 4787 6059","N","EARLY","","CN=Bree Andrew (bandrew),OU=People,O=OreosBelt,C=GB","N"
"333","Justina","Noah","Lyons","SOUTHERN REGIONAL","Developer","scelerisque.scelerisque.dui@pede.org","056 0234 0428","N","EARLY","","CN=Justina Noah (jnoah),OU=People,O=OreosBelt,C=GB","N"
"334","Keaton","Tucker","Manning","NORTHERN REGIONAL","Legal Advisor","neque@Vivamus.co.uk","0328 721 6317","Y","EARLY","","CN=Keaton Tucker (ktucker),OU=People,O=OreosBelt,C=GB","N"
"335","Merrill","Aquila","Roy","OVERSEAS SPAIN","Legal Advisor","Aliquam.nisl@venenatislacus.com","(0171) 049 3894","N","EARLY","","CN=Merrill Aquila (maquila),OU=People,O=OreosBelt,C=GB","N"
"336","Erica","Ezekiel","Briggs","WESTERN REGIONAL","IT Administrator","est.congue.a@Crasdolor.co.uk","0800 224868","N","EARLY","","CN=Erica Ezekiel (eezekiel),OU=People,O=OreosBelt,C=GB","N"
"337","Patience","Wing","Adams","NORTHERN REGIONAL","Systems Administrator","dignissim@Phasellusfermentumconvallis.org","0800 1111","N","EARLY","","CN=Patience Wing (pwing),OU=People,O=OreosBelt,C=GB","N"
"338","Thomas","Mannix","Mccarty","WESTERN REGIONAL","Legal Advisor","elit.fermentum@tristiquepharetraQuisque.net","07409 609392","N","EARLY","","CN=Thomas Mannix (tmannix),OU=People,O=OreosBelt,C=GB","N"
"339","Cleo","Richard","Cash","OVERSEAS FRANCE","Financial Administrator","fermentum@adipiscing.co.uk","076 4542 8919","N","EARLY","","CN=Cleo Richard (crichard),OU=People,O=OreosBelt,C=GB","N"
"340","Florence","August","Woods","WESTERN REGIONAL","Legal Advisor","adipiscing.elit@hendreritconsectetuer.com","076 8359 5458","N","EARLY","","CN=Florence August (faugust),OU=People,O=OreosBelt,C=GB","N"
"341","Cally","Michael","Salazar","OVERSEAS SPAIN","Developer","odio.Etiam.ligula@id.ca","(013161) 67758","Y","EARLY","","CN=Cally Michael (cmichael),OU=People,O=OreosBelt,C=GB","N"
"342","Samuel","Britanney","Soto","OVERSEAS FRANCE","Developer","lectus.quis.massa@maurisMorbi.com","056 5857 8690","N","EARLY","","CN=Samuel Britanney (sbritanney),OU=People,O=OreosBelt,C=GB","N"
"343","Chase","Pamela","Vega","NORTHERN REGIONAL","Legal Advisor","neque.Morbi.quis@anteVivamus.net","07888 152786","N","EARLY","","CN=Chase Pamela (cpamela),OU=People,O=OreosBelt,C=GB","N"
"344","Melinda","Bethany","Espinoza","EASTERN REGIONAL","Developer","ligula.Aenean.euismod@at.co.uk","056 3937 1245","N","EARLY","","CN=Melinda Bethany (mbethany),OU=People,O=OreosBelt,C=GB","N"
"345","Ethan","Helen","Lambert","OVERSEAS FRANCE","Financial Administrator","lacus@ullamcorper.org","(012654) 51675","N","EARLY","","CN=Ethan Helen (ehelen),OU=People,O=OreosBelt,C=GB","N"
"346","Grady","Farrah","Warren","OVERSEAS FRANCE","Systems Administrator","risus.at.fringilla@nullaIntegervulputate.ca","0803 480 2753","N","EARLY","","CN=Grady Farrah (gfarrah),OU=People,O=OreosBelt,C=GB","N"
"347","Wesley","George","Bell","HQ","IT Administrator","ultricies.ornare@risusInmi.net","(0111) 154 0224","N","LATE","","CN=Wesley George (wgeorge),OU=People,O=OreosBelt,C=GB","N"
"348","Abraham","Rashad","Ellis","HQ","Legal Advisor","dui@loremut.ca","(012277) 05521","Y","EARLY","","CN=Abraham Rashad (arashad),OU=People,O=OreosBelt,C=GB","N"
"349","Melvin","Ross","Rutledge","SOUTHERN REGIONAL","IT Administrator","enim@Sedcongueelit.com","(016977) 9190","N","EARLY","","CN=Melvin Ross (mross),OU=People,O=OreosBelt,C=GB","N"
"350","Cody","Thaddeus","Guzman","EASTERN REGIONAL","Desk Clerk","Aliquam@rutrum.edu","0800 710 7428","N","EARLY","","CN=Cody Thaddeus (cthaddeus),OU=People,O=OreosBelt,C=GB","N"
"351","Kellie","Pascale","Reid","OVERSEAS SPAIN","Legal Advisor","vel.vulputate@egetmetus.org","0367 423 3916","N","EARLY","","CN=Kellie Pascale (kpascale),OU=People,O=OreosBelt,C=GB","N"
"352","Brennan","Lucian","Yates","OVERSEAS FRANCE","Systems Administrator","mauris@amet.com","055 6496 5424","N","EARLY","","CN=Brennan Lucian (blucian),OU=People,O=OreosBelt,C=GB","N"
"353","Kane","Serina","Allison","WESTERN REGIONAL","Financial Administrator","Pellentesque.ultricies@temporbibendum.edu","(028) 6745 3041","N","EARLY","","CN=Kane Serina (kserina),OU=People,O=OreosBelt,C=GB","N"
"354","Wade","Lev","Irwin","OVERSEAS FRANCE","Developer","luctus.et@Duisvolutpat.com","(01580) 02692","N","EARLY","","CN=Wade Lev (wlev),OU=People,O=OreosBelt,C=GB","N"
"355","Aidan","Jack","Taylor","OVERSEAS CHINA","IT Administrator","lectus.pede.et@magna.org","(01573) 97303","Y","EARLY","","CN=Aidan Jack (ajack),OU=People,O=OreosBelt,C=GB","N"
"356","Quemby","Julian","Sears","WESTERN REGIONAL","Financial Administrator","erat.in@morbitristique.ca","0800 902240","N","EARLY","","CN=Quemby Julian (qjulian),OU=People,O=OreosBelt,C=GB","N"
"357","Nasim","Kiara","Pitts","NORTHERN REGIONAL","Financial Administrator","adipiscing@dapibusrutrum.co.uk","(016461) 35988","N","EARLY","","CN=Nasim Kiara (nkiara),OU=People,O=OreosBelt,C=GB","N"
"358","Althea","Leandra","Carlson","SOUTHERN REGIONAL","Financial Administrator","Proin@Mauris.ca","076 4457 6805","N","EARLY","","CN=Althea Leandra (aleandra),OU=People,O=OreosBelt,C=GB","N"
"359","Rosalyn","Amelia","Vang","HQ","IT Administrator","justo.Praesent@arcuVivamussit.net","(01198) 989822","N","EARLY","","CN=Rosalyn Amelia (ramelia),OU=People,O=OreosBelt,C=GB","N"
"360","Hedy","Talon","Rogers","SOUTHERN REGIONAL","Desk Clerk","Phasellus.libero@imperdieterat.org","0969 293 7478","N","EARLY","","CN=Hedy Talon (htalon),OU=People,O=OreosBelt,C=GB","N"
"361","Gray","Garrison","Charles","HQ","Systems Administrator","erat.volutpat@dignissimmagna.ca","0900 388 4883","N","EARLY","","CN=Gray Garrison (ggarrison),OU=People,O=OreosBelt,C=GB","N"
"362","Nathan","McKenzie","Cline","SOUTHERN REGIONAL","Financial Administrator","eu.accumsan.sed@augueeutellus.edu","0845 46 42","N","EARLY","","CN=Nathan McKenzie (nmckenzie),OU=People,O=OreosBelt,C=GB","N"
"363","Rashad","Chadwick","Mayer","OVERSEAS CHINA","Developer","ut.pharetra@neque.ca","056 1235 0246","N","EARLY","","CN=Rashad Chadwick (rchadwick),OU=People,O=OreosBelt,C=GB","N"
"364","Gannon","Aileen","Parker","NORTHERN REGIONAL","IT Administrator","rutrum.lorem@Suspendisse.ca","0882 148 7833","Y","LATE","","CN=Gannon Aileen (gaileen),OU=People,O=OreosBelt,C=GB","N"
"365","Sharon","Asher","Hartman","OVERSEAS CHINA","IT Administrator","enim.commodo@laoreet.com","07760 708029","N","EARLY","","CN=Sharon Asher (sasher),OU=People,O=OreosBelt,C=GB","N"
"366","Mariam","Dean","Barnes","OVERSEAS CHINA","IT Administrator","iaculis.odio.Nam@etpede.co.uk","0345 177 1852","N","EARLY","","CN=Mariam Dean (mdean),OU=People,O=OreosBelt,C=GB","N"
"367","Latifah","Yolanda","Hernandez","WESTERN REGIONAL","IT Administrator","dui.Cras.pellentesque@dis.com","056 5370 8839","N","EARLY","","CN=Latifah Yolanda (lyolanda),OU=People,O=OreosBelt,C=GB","N"
"368","Paki","Sawyer","Eaton","NORTHERN REGIONAL","Systems Administrator","est.mauris@eu.org","07624 685665","N","EARLY","","CN=Paki Sawyer (psawyer),OU=People,O=OreosBelt,C=GB","N"
"369","Heidi","Carol","Stanley","HQ","Systems Administrator","odio.vel.est@Aliquamfringilla.edu","0800 681851","N","EARLY","","CN=Heidi Carol (hcarol),OU=People,O=OreosBelt,C=GB","N"
"370","Brandon","Stephen","Goff","SOUTHERN REGIONAL","Desk Clerk","hymenaeos.Mauris@Nuncmauris.org","(0131) 515 7605","N","EARLY","","CN=Brandon Stephen (bstephen),OU=People,O=OreosBelt,C=GB","N"
"371","Daria","Sophia","Kirkland","OVERSEAS FRANCE","Legal Advisor","vel.est.tempor@anteipsum.ca","070 3116 3049","N","EARLY","","CN=Daria Sophia (dsophia),OU=People,O=OreosBelt,C=GB","N"
"372","Martin","Priscilla","Oneill","EASTERN REGIONAL","Desk Clerk","tristique@tristiquepharetraQuisque.co.uk","0878 334 3971","Y","EARLY","","CN=Martin Priscilla (mpriscilla),OU=People,O=OreosBelt,C=GB","N"
"373","Lev","Louis","Carpenter","OVERSEAS CHINA","IT Administrator","enim@gravidanunc.org","0500 012879","N","LATE","","CN=Lev Louis (llouis),OU=People,O=OreosBelt,C=GB","N"
"374","Zelda","Tana","Porter","OVERSEAS CHINA","Legal Advisor","ut@pellentesquetellussem.net","07738 637630","N","EARLY","","CN=Zelda Tana (ztana),OU=People,O=OreosBelt,C=GB","N"
"375","Ann","Ralph","Bender","EASTERN REGIONAL","Desk Clerk","dui.lectus.rutrum@facilisisloremtristique.net","(01239) 109597","N","EARLY","","CN=Ann Ralph (aralph),OU=People,O=OreosBelt,C=GB","N"
"376","Sawyer","Shaine","Ford","EASTERN REGIONAL","Financial Administrator","Curabitur.consequat.lectus@urnaNullam.ca","(016977) 1815","N","EARLY","","CN=Sawyer Shaine (sshaine),OU=People,O=OreosBelt,C=GB","N"
"377","Brielle","Hasad","Lucas","OVERSEAS FRANCE","IT Administrator","Fusce.dolor.quam@ipsumprimis.ca","0845 46 46","N","EARLY","","CN=Brielle Hasad (bhasad),OU=People,O=OreosBelt,C=GB","N"
"378","Hall","Emery","Sanchez","EASTERN REGIONAL","Desk Clerk","dolor.dapibus.gravida@eget.ca","(025) 2033 2137","N","EARLY","","CN=Hall Emery (hemery),OU=People,O=OreosBelt,C=GB","N"
"379","Joan","Lance","Vazquez","NORTHERN REGIONAL","Financial Administrator","ipsum@Mauris.edu","(016629) 72563","N","EARLY","","CN=Joan Lance (jlance),OU=People,O=OreosBelt,C=GB","N"
"380","Gretchen","Cherokee","Jefferson","OVERSEAS FRANCE","Desk Clerk","non.enim.commodo@anteVivamusnon.net","0814 765 7772","N","EARLY","","CN=Gretchen Cherokee (gcherokee),OU=People,O=OreosBelt,C=GB","N"
"381","Chandler","Blythe","Rodriguez","EASTERN REGIONAL","Developer","Suspendisse@dictum.org","0961 186 7976","N","EARLY","","CN=Chandler Blythe (cblythe),OU=People,O=OreosBelt,C=GB","N"
"382","Alea","Gretchen","Boyd","OVERSEAS FRANCE","IT Administrator","erat.semper.rutrum@idblandit.co.uk","(012234) 03699","Y","EARLY","","CN=Alea Gretchen (agretchen),OU=People,O=OreosBelt,C=GB","N"
"383","Burton","Silas","Alexander","SOUTHERN REGIONAL","Desk Clerk","amet.risus@ligula.net","07624 175820","N","EARLY","","CN=Burton Silas (bsilas),OU=People,O=OreosBelt,C=GB","N"
"384","Hillary","Ashton","Burris","SOUTHERN REGIONAL","Legal Advisor","est@blandit.ca","0800 806 3381","N","EARLY","","CN=Hillary Ashton (hashton),OU=People,O=OreosBelt,C=GB","N"
"385","Dahlia","Nomlanga","Hewitt","OVERSEAS CHINA","IT Administrator","ac.turpis@vitae.co.uk","056 4672 9277","N","EARLY","","CN=Dahlia Nomlanga (dnomlanga),OU=People,O=OreosBelt,C=GB","N"
"386","Aphrodite","Merritt","Wong","EASTERN REGIONAL","Desk Clerk","eu@tinciduntnibh.edu","076 0315 8132","Y","EARLY","","CN=Aphrodite Merritt (amerritt),OU=People,O=OreosBelt,C=GB","N"
"387","Keiko","Kendall","Travis","WESTERN REGIONAL","IT Administrator","urna.Ut.tincidunt@felis.org","056 7438 2166","N","LATE","","CN=Keiko Kendall (kkendall),OU=People,O=OreosBelt,C=GB","N"
"388","Nathaniel","Zachary","Duran","WESTERN REGIONAL","IT Administrator","enim@ultriciesadipiscing.org","(01329) 349055","N","EARLY","","CN=Nathaniel Zachary (nzachary),OU=People,O=OreosBelt,C=GB","N"
"389","Harper","Aaron","Shields","WESTERN REGIONAL","Legal Advisor","nonummy.Fusce@eu.net","056 0498 5142","N","EARLY","","CN=Harper Aaron (haaron),OU=People,O=OreosBelt,C=GB","N"
"390","Addison","Yvette","Mcclure","SOUTHERN REGIONAL","Systems Administrator","convallis.in.cursus@justo.org","(01863) 224439","N","EARLY","","CN=Addison Yvette (ayvette),OU=People,O=OreosBelt,C=GB","N"
"391","Ryan","Christopher","Haney","HQ","Developer","orci@aliquet.edu","(01590) 31909","N","EARLY","","CN=Ryan Christopher (rchristopher),OU=People,O=OreosBelt,C=GB","N"
"392","Lana","Price","Finley","OVERSEAS SPAIN","Developer","enim.gravida.sit@netuset.edu","(017285) 04011","N","EARLY","","CN=Lana Price (lprice),OU=People,O=OreosBelt,C=GB","N"
"393","Hilel","Rylee","Crawford","OVERSEAS SPAIN","Desk Clerk","sed.sapien.Nunc@mipede.net","(0131) 113 9961","N","EARLY","","CN=Hilel Rylee (hrylee),OU=People,O=OreosBelt,C=GB","N"
"394","Tucker","Shelby","Pittman","HQ","IT Administrator","blandit.enim@nunc.net","056 4055 7649","N","EARLY","","CN=Tucker Shelby (tshelby),OU=People,O=OreosBelt,C=GB","N"
"395","Tatyana","Lance","Roman","NORTHERN REGIONAL","Desk Clerk","purus.ac.tellus@mus.net","0800 760 9629","N","EARLY","","CN=Tatyana Lance (tlance),OU=People,O=OreosBelt,C=GB","N"
"396","Vernon","Yoshio","Pacheco","SOUTHERN REGIONAL","Developer","suscipit.est.ac@et.org","(0118) 659 7386","N","EARLY","","CN=Vernon Yoshio (vyoshio),OU=People,O=OreosBelt,C=GB","N"
"397","Kato","Devin","Woods","HQ","Desk Clerk","nulla@metusInnec.com","(013257) 01177","N","EARLY","","CN=Kato Devin (kdevin),OU=People,O=OreosBelt,C=GB","N"
"398","Armand","Kalia","Swanson","HQ","IT Administrator","adipiscing@mi.net","07367 846044","N","EARLY","","CN=Armand Kalia (akalia),OU=People,O=OreosBelt,C=GB","N"
"399","Paki","Dorothy","Castillo","SOUTHERN REGIONAL","Developer","ac@Nullamscelerisqueneque.edu","0500 864060","N","EARLY","","CN=Paki Dorothy (pdorothy),OU=People,O=OreosBelt,C=GB","N"
"450","Lani","Ferris","Everett","OVERSEAS CHINA","Desk Clerk","tempor@diam.co.uk","0500 066993","N","EARLY","","CN=Lani Ferris (lferris),OU=People,O=OreosBelt,C=GB","N"
"451","Price","Brett","Larsen","NORTHERN REGIONAL","Legal Advisor","ante.Nunc.mauris@acliberonec.edu","055 1535 3272","N","EARLY","","CN=Price Brett (pbrett),OU=People,O=OreosBelt,C=GB","N"
"452","Josiah","Christen","Stanley","OVERSEAS FRANCE","Desk Clerk","nisi@pedenonummy.co.uk","07624 559329","N","EARLY","","CN=Josiah Christen (jchristen),OU=People,O=OreosBelt,C=GB","N"
"453","Wendy","Linus","Willis","HQ","Desk Clerk","mollis.non@sagittisplacerat.co.uk","0800 586599","Y","EARLY","","CN=Wendy Linus (wlinus),OU=People,O=OreosBelt,C=GB","N"
"454","Brenden","Chanda","Howard","EASTERN REGIONAL","Financial Administrator","luctus@natoquepenatibus.net","0500 460454","N","EARLY","","CN=Brenden Chanda (bchanda),OU=People,O=OreosBelt,C=GB","N"
"455","Lacy","Cara","Smith","WESTERN REGIONAL","Financial Administrator","egestas.Duis.ac@velarcu.com","(0110) 738 6250","N","EARLY","","CN=Lacy Cara (lcara),OU=People,O=OreosBelt,C=GB","N"
"456","Josiah","Xandra","Sparks","OVERSEAS CHINA","Desk Clerk","nisi.sem@Maurismolestie.org","(0141) 412 0615","N","EARLY","","CN=Josiah Xandra (jxandra),OU=People,O=OreosBelt,C=GB","N"
"457","Cara","Chadwick","Reilly","NORTHERN REGIONAL","Financial Administrator","nascetur.ridiculus.mus@Nuncac.com","07624 074138","N","EARLY","","CN=Cara Chadwick (cchadwick),OU=People,O=OreosBelt,C=GB","N"
"458","Nerea","Dean","Ross","EASTERN REGIONAL","Legal Advisor","lectus.a.sollicitudin@Phasellusin.ca","07052 923004","N","EARLY","","CN=Nerea Dean (ndean),OU=People,O=OreosBelt,C=GB","N"
"459","Connor","Connor","Vang","SOUTHERN REGIONAL","Legal Advisor","Praesent.interdum@ipsum.edu","0956 239 9158","N","EARLY","","CN=Connor Connor (cconnor),OU=People,O=OreosBelt,C=GB","N"
"460","Honorato","Kevyn","Baxter","NORTHERN REGIONAL","IT Administrator","Sed@nunc.org","0354 514 4679","N","LATE","","CN=Honorato Kevyn (hkevyn),OU=People,O=OreosBelt,C=GB","N"
"461","Kimberly","Barclay","Finch","HQ","Desk Clerk","eros.non.enim@Cras.edu","056 6845 9408","N","EARLY","","CN=Kimberly Barclay (kbarclay),OU=People,O=OreosBelt,C=GB","N"
"462","Linus","Abraham","Stark","OVERSEAS CHINA","Desk Clerk","pharetra.felis.eget@adipiscing.edu","(025) 2188 8769","N","EARLY","","CN=Linus Abraham (labraham),OU=People,O=OreosBelt,C=GB","N"
"463","Hedy","Sloane","Bauer","WESTERN REGIONAL","Desk Clerk","placerat.eget@ultriciesligulaNullam.co.uk","(01913) 226646","N","EARLY","","CN=Hedy Sloane (hsloane),OU=People,O=OreosBelt,C=GB","N"
"464","Cynthia","Joelle","Bailey","OVERSEAS SPAIN","Legal Advisor","dapibus.id.blandit@acliberonec.ca","(01889) 25130","N","EARLY","","CN=Cynthia Joelle (cjoelle),OU=People,O=OreosBelt,C=GB","N"
"465","Yardley","Susan","Taylor","WESTERN REGIONAL","Systems Administrator","nec@dolorFusce.org","(0113) 097 5031","N","EARLY","","CN=Yardley Susan (ysusan),OU=People,O=OreosBelt,C=GB","N"
"466","Jeremy","Gemma","Castaneda","HQ","Developer","malesuada.Integer.id@tincidunt.ca","07040 735502","N","EARLY","","CN=Jeremy Gemma (jgemma),OU=People,O=OreosBelt,C=GB","N"
"467","Logan","Lee","Mckee","WESTERN REGIONAL","Developer","congue.In.scelerisque@Nam.com","070 9249 4171","Y","EARLY","","CN=Logan Lee (llee),OU=People,O=OreosBelt,C=GB","N"
"468","Leila","Deanna","Holt","OVERSEAS FRANCE","Desk Clerk","Aenean.sed.pede@nullavulputate.com","(01884) 092277","N","EARLY","","CN=Leila Deanna (ldeanna),OU=People,O=OreosBelt,C=GB","N"
"469","Sierra","Colby","Green","NORTHERN REGIONAL","Desk Clerk","taciti.sociosqu.ad@Morbinequetellus.org","07624 339965","N","EARLY","","CN=Sierra Colby (scolby),OU=People,O=OreosBelt,C=GB","N"
"470","Louis","Aphrodite","Montoya","WESTERN REGIONAL","Financial Administrator","sagittis@risus.edu","0500 557911","N","EARLY","","CN=Louis Aphrodite (laphrodite),OU=People,O=OreosBelt,C=GB","N"
"471","Octavius","Jane","Compton","OVERSEAS SPAIN","Financial Administrator","lorem.semper.auctor@velvulputateeu.ca","(016977) 2146","N","EARLY","","CN=Octavius Jane (ojane),OU=People,O=OreosBelt,C=GB","N"
"472","Callum","Abel","Hines","EASTERN REGIONAL","Financial Administrator","Nam.interdum@euarcuMorbi.co.uk","0800 821554","N","EARLY","","CN=Callum Abel (cabel),OU=People,O=OreosBelt,C=GB","N"
"473","Selma","Kirsten","Castro","OVERSEAS FRANCE","Desk Clerk","vitae.risus.Duis@Phasellusornare.ca","0327 713 9750","N","EARLY","","CN=Selma Kirsten (skirsten),OU=People,O=OreosBelt,C=GB","N"
"474","Lacota","Kendall","Shaffer","HQ","Financial Administrator","Aliquam.rutrum@quis.ca","(016977) 9171","N","EARLY","","CN=Lacota Kendall (lkendall),OU=People,O=OreosBelt,C=GB","N"
"475","Kelly","Tamara","Willis","EASTERN REGIONAL","Financial Administrator","adipiscing.non.luctus@sollicitudinamalesuada.com","0325 292 8481","N","EARLY","","CN=Kelly Tamara (ktamara),OU=People,O=OreosBelt,C=GB","N"
"476","Paula","Marcia","Contreras","OVERSEAS CHINA","IT Administrator","urna@antelectusconvallis.com","(01788) 02315","N","EARLY","","CN=Paula Marcia (pmarcia),OU=People,O=OreosBelt,C=GB","N"
"477","Tamara","Keiko","Whitley","WESTERN REGIONAL","Financial Administrator","erat.Etiam.vestibulum@Cras.org","(01021) 56475","N","EARLY","","CN=Tamara Keiko (tkeiko),OU=People,O=OreosBelt,C=GB","N"
"478","Reuben","Nina","Wilkinson","SOUTHERN REGIONAL","Developer","dictum.Proin@interdumligulaeu.org","055 6361 1652","N","EARLY","","CN=Reuben Nina (rnina),OU=People,O=OreosBelt,C=GB","N"
"479","Knox","Jena","Mays","OVERSEAS CHINA","Systems Administrator","Duis.cursus@orci.org","0500 359657","N","EARLY","","CN=Knox Jena (kjena),OU=People,O=OreosBelt,C=GB","N"
"480","Dante","Leonard","Reeves","WESTERN REGIONAL","Desk Clerk","Curabitur.ut.odio@aaliquetvel.net","0500 501954","N","EARLY","","CN=Dante Leonard (dleonard),OU=People,O=OreosBelt,C=GB","N"
"481","Devin","Renee","Schultz","OVERSEAS FRANCE","Desk Clerk","ut.ipsum@Vivamusnibhdolor.ca","0845 46 46","Y","EARLY","","CN=Devin Renee (drenee),OU=People,O=OreosBelt,C=GB","N"
"482","Lucas","Chloe","Barnett","NORTHERN REGIONAL","Systems Administrator","Duis.mi.enim@euaccumsansed.co.uk","(01659) 55372","N","EARLY","","CN=Lucas Chloe (lchloe),OU=People,O=OreosBelt,C=GB","N"
"483","Adara","Drake","Slater","WESTERN REGIONAL","Systems Administrator","Donec.tempor@ipsumprimisin.co.uk","(012985) 65336","N","EARLY","","CN=Adara Drake (adrake),OU=People,O=OreosBelt,C=GB","N"
"484","Echo","Camille","Ramos","SOUTHERN REGIONAL","IT Administrator","fringilla.purus@Nuncmaurissapien.edu","(0115) 402 4490","N","EARLY","","CN=Echo Camille (ecamille),OU=People,O=OreosBelt,C=GB","N"
"485","Adrian","Damian","Walter","WESTERN REGIONAL","Legal Advisor","Ut.tincidunt@Nuncmauris.com","056 9361 5020","N","EARLY","","CN=Adrian Damian (adamian),OU=People,O=OreosBelt,C=GB","N"
"486","Giacomo","Cyrus","Vang","HQ","Developer","mi.pede.nonummy@penatibus.ca","0381 131 2322","N","EARLY","","CN=Giacomo Cyrus (gcyrus),OU=People,O=OreosBelt,C=GB","N"
"487","Kelly","Kenneth","Soto","OVERSEAS FRANCE","IT Administrator","sagittis.augue@Suspendisse.com","056 5914 1173","N","EARLY","","CN=Kelly Kenneth (kkenneth),OU=People,O=OreosBelt,C=GB","N"
"488","Gemma","Benedict","Fry","WESTERN REGIONAL","Desk Clerk","Nunc@iaculisnec.ca","0923 047 1838","N","EARLY","","CN=Gemma Benedict (gbenedict),OU=People,O=OreosBelt,C=GB","N"
"489","Oscar","Reuben","Mitchell","OVERSEAS FRANCE","Financial Administrator","dolor@pedePraesenteu.ca","055 3797 9106","N","EARLY","","CN=Oscar Reuben (oreuben),OU=People,O=OreosBelt,C=GB","N"
"490","Lucius","Colorado","Huff","EASTERN REGIONAL","Desk Clerk","accumsan@turpisNullaaliquet.net","0800 1111","N","EARLY","","CN=Lucius Colorado (lcolorado),OU=People,O=OreosBelt,C=GB","N"
"491","Rae","Serena","Serrano","OVERSEAS CHINA","Systems Administrator","dui@massarutrum.edu","(01491) 515741","N","EARLY","","CN=Rae Serena (rserena),OU=People,O=OreosBelt,C=GB","N"
"492","Joshua","Heidi","Robinson","OVERSEAS SPAIN","IT Administrator","risus@semperegestasurna.org","0800 1111","N","EARLY","","CN=Joshua Heidi (jheidi),OU=People,O=OreosBelt,C=GB","N"
"493","Richard","Britanney","Hyde","OVERSEAS SPAIN","Financial Administrator","suscipit@convallis.co.uk","(0161) 957 5604","Y","LATE","","CN=Richard Britanney (rbritanney),OU=People,O=OreosBelt,C=GB","N"
"494","Darryl","Blaze","Reed","OVERSEAS CHINA","Financial Administrator","eu@Etiam.ca","(028) 3134 4093","N","EARLY","","CN=Darryl Blaze (dblaze),OU=People,O=OreosBelt,C=GB","N"
"495","Gay","Hanna","Simpson","HQ","Desk Clerk","dui@sedsem.org","(0131) 015 5917","N","EARLY","","CN=Gay Hanna (ghanna),OU=People,O=OreosBelt,C=GB","N"
"496","Sean","Asher","Becker","SOUTHERN REGIONAL","IT Administrator","ligula@etultricesposuere.com","(012697) 12266","N","EARLY","","CN=Sean Asher (sasher),OU=People,O=OreosBelt,C=GB","N"
"497","Xantha","Jaden","Tanner","SOUTHERN REGIONAL","Developer","libero.Donec@egestasligula.edu","0845 46 46","N","EARLY","","CN=Xantha Jaden (xjaden),OU=People,O=OreosBelt,C=GB","N"
"498","Ciaran","Noelle","Kelley","NORTHERN REGIONAL","Financial Administrator","arcu@egetmagna.edu","076 6422 2319","N","EARLY","","CN=Ciaran Noelle (cnoelle),OU=People,O=OreosBelt,C=GB","N"
"499","Slade","Lara","Ware","SOUTHERN REGIONAL","Developer","nunc.interdum@ullamcorper.net","056 6303 0948","N","EARLY","","CN=Slade Lara (slara),OU=People,O=OreosBelt,C=GB","N"
"500","Guinevere","Zena","Warner","WESTERN REGIONAL","Desk Clerk","magna@idrisus.com","056 7348 2779","N","EARLY","","CN=Guinevere Zena (gzena),OU=People,O=OreosBelt,C=GB","N"
"501","Anne","Destiny","Dunlap","WESTERN REGIONAL","Systems Administrator","adipiscing@Integersemelit.ca","056 6993 9916","N","EARLY","","CN=Anne Destiny (adestiny),OU=People,O=OreosBelt,C=GB","N"
"502","Yardley","Virginia","Becker","SOUTHERN REGIONAL","Desk Clerk","ligula.Aenean.gravida@sempererat.org","0845 46 44","N","EARLY","","CN=Yardley Virginia (yvirginia),OU=People,O=OreosBelt,C=GB","N"
"503","Avram","Hayfa","Hines","WESTERN REGIONAL","Desk Clerk","felis@blandit.net","0800 075 7986","N","EARLY","","CN=Avram Hayfa (ahayfa),OU=People,O=OreosBelt,C=GB","N"
"504","Kyle","Nina","Wilkinson","SOUTHERN REGIONAL","IT Administrator","ante@velitegestaslacinia.net","(016977) 2112","N","LATE","","CN=Kyle Nina (knina),OU=People,O=OreosBelt,C=GB","N"
"505","Robin","Hollee","Henson","OVERSEAS FRANCE","IT Administrator","nulla@tristique.co.uk","0800 1111","N","EARLY","","CN=Robin Hollee (rhollee),OU=People,O=OreosBelt,C=GB","N"
"506","Shay","Flynn","Hayes","OVERSEAS CHINA","Financial Administrator","vulputate.lacus.Cras@Nullamscelerisqueneque.co.uk","056 7595 9561","N","EARLY","","CN=Shay Flynn (sflynn),OU=People,O=OreosBelt,C=GB","N"
"507","Nora","Marcia","Quinn","EASTERN REGIONAL","Financial Administrator","pellentesque.a.facilisis@tincidunt.edu","0963 961 4024","Y","EARLY","","CN=Nora Marcia (nmarcia),OU=People,O=OreosBelt,C=GB","N"
"508","Rana","Elijah","Villarreal","OVERSEAS CHINA","Legal Advisor","semper@necurna.net","055 2701 7388","N","EARLY","","CN=Rana Elijah (relijah),OU=People,O=OreosBelt,C=GB","N"
"509","Aurelia","Cheyenne","Bond","OVERSEAS SPAIN","Legal Advisor","consequat@Curabiturvel.co.uk","0915 345 3945","N","EARLY","","CN=Aurelia Cheyenne (acheyenne),OU=People,O=OreosBelt,C=GB","N"
"510","Liberty","Illana","Mckinney","WESTERN REGIONAL","Systems Administrator","quis@Sed.org","0800 1111","N","EARLY","","CN=Liberty Illana (lillana),OU=People,O=OreosBelt,C=GB","N"
"511","Ori","Brody","Hall","HQ","Desk Clerk","ipsum.sodales.purus@arcuVestibulum.com","0845 46 43","N","EARLY","","CN=Ori Brody (obrody),OU=People,O=OreosBelt,C=GB","N"
"512","Gregory","Brenna","Kirkland","SOUTHERN REGIONAL","Legal Advisor","sit.amet.orci@atfringilla.ca","0845 46 47","N","EARLY","","CN=Gregory Brenna (gbrenna),OU=People,O=OreosBelt,C=GB","N"
"513","Reese","Nicholas","Bailey","EASTERN REGIONAL","Financial Administrator","Nunc@Crasconvallis.ca","(028) 5517 1613","N","EARLY","","CN=Reese Nicholas (rnicholas),OU=People,O=OreosBelt,C=GB","N"
"514","Todd","Evan","Mason","OVERSEAS FRANCE","Systems Administrator","nulla.Donec@magna.org","(01004) 06386","N","EARLY","","CN=Todd Evan (tevan),OU=People,O=OreosBelt,C=GB","N"
"515","Fitzgerald","Aladdin","Holden","WESTERN REGIONAL","Developer","cursus.et.eros@diam.co.uk","056 8893 1787","N","EARLY","","CN=Fitzgerald Aladdin (faladdin),OU=People,O=OreosBelt,C=GB","N"
"516","Ryan","Judah","Riley","SOUTHERN REGIONAL","Developer","nisl@lorem.org","076 1129 2004","N","EARLY","","CN=Ryan Judah (rjudah),OU=People,O=OreosBelt,C=GB","N"
"517","Hector","Rhonda","Mccall","WESTERN REGIONAL","Developer","magna.Suspendisse@Nuncpulvinararcu.ca","0955 488 4816","N","EARLY","","CN=Hector Rhonda (hrhonda),OU=People,O=OreosBelt,C=GB","N"
"518","Fay","Dieter","Rodriquez","SOUTHERN REGIONAL","Legal Advisor","eget.varius@consequatenim.co.uk","07624 836685","N","EARLY","","CN=Fay Dieter (fdieter),OU=People,O=OreosBelt,C=GB","N"
"519","Duncan","Illana","Dillard","OVERSEAS CHINA","Desk Clerk","sagittis@et.co.uk","(0181) 845 0373","N","EARLY","","CN=Duncan Illana (dillana),OU=People,O=OreosBelt,C=GB","N"
"520","Sage","Leonard","Leonard","OVERSEAS CHINA","Desk Clerk","ipsum@Sednulla.net","0500 346212","N","LATE","","CN=Sage Leonard (sleonard),OU=People,O=OreosBelt,C=GB","N"
"521","Harriet","Althea","Ingram","OVERSEAS CHINA","Systems Administrator","Nulla.dignissim@lacusUt.ca","(016977) 7032","N","EARLY","","CN=Harriet Althea (halthea),OU=People,O=OreosBelt,C=GB","N"
"522","Byron","Hedda","Livingston","WESTERN REGIONAL","Desk Clerk","non@Namligulaelit.net","(01107) 22577","N","EARLY","","CN=Byron Hedda (bhedda),OU=People,O=OreosBelt,C=GB","N"
"523","Ariel","Evan","Duncan","EASTERN REGIONAL","IT Administrator","volutpat.nunc@aliquet.com","(016977) 3582","N","EARLY","","CN=Ariel Evan (aevan),OU=People,O=OreosBelt,C=GB","N"
"524","Price","Stephen","Guy","SOUTHERN REGIONAL","Financial Administrator","tristique.aliquet.Phasellus@dolor.org","(01718) 00924","N","EARLY","","CN=Price Stephen (pstephen),OU=People,O=OreosBelt,C=GB","N"
"525","Petra","Howard","Salinas","OVERSEAS FRANCE","Desk Clerk","sociosqu.ad@Aeneaneuismod.edu","0800 336 7852","N","EARLY","","CN=Petra Howard (phoward),OU=People,O=OreosBelt,C=GB","N"
"526","Adena","Nelle","Albert","OVERSEAS FRANCE","IT Administrator","id.ante.dictum@eleifendnondapibus.ca","0845 46 45","N","EARLY","","CN=Adena Nelle (anelle),OU=People,O=OreosBelt,C=GB","N"
"527","Boris","Ryan","Frederick","EASTERN REGIONAL","Legal Advisor","lorem.ut.aliquam@laciniaSed.org","055 3415 5219","N","EARLY","","CN=Boris Ryan (bryan),OU=People,O=OreosBelt,C=GB","N"
"528","Chandler","May","Good","SOUTHERN REGIONAL","Desk Clerk","Donec.nibh.enim@ullamcorperDuisat.net","(01059) 06543","N","EARLY","","CN=Chandler May (cmay),OU=People,O=OreosBelt,C=GB","N"
"529","Phyllis","Eve","Mckenzie","HQ","IT Administrator","Etiam.imperdiet@Quisque.com","0845 46 42","N","LATE","","CN=Phyllis Eve (peve),OU=People,O=OreosBelt,C=GB","N"
"530","Paul","Knox","Moran","EASTERN REGIONAL","Financial Administrator","ultricies@sapienmolestieorci.com","(016977) 1783","N","EARLY","","CN=Paul Knox (pknox),OU=People,O=OreosBelt,C=GB","N"
"531","Silas","Abra","Ratliff","SOUTHERN REGIONAL","Desk Clerk","lorem.ipsum@SednequeSed.com","055 6754 6456","N","EARLY","","CN=Silas Abra (sabra),OU=People,O=OreosBelt,C=GB","N"
"532","Piper","India","Myers","WESTERN REGIONAL","Developer","Nullam.lobortis@Suspendissealiquetmolestie.ca","070 5162 6462","Y","EARLY","","CN=Piper India (pindia),OU=People,O=OreosBelt,C=GB","N"
"533","Virginia","Thor","Ramsey","WESTERN REGIONAL","Systems Administrator","condimentum.Donec.at@DonecnibhQuisque.ca","076 8875 7941","N","EARLY","","CN=Virginia Thor (vthor),OU=People,O=OreosBelt,C=GB","N"
"534","Richard","Declan","Morin","SOUTHERN REGIONAL","Systems Administrator","Phasellus@commodo.org","07624 071868","N","EARLY","","CN=Richard Declan (rdeclan),OU=People,O=OreosBelt,C=GB","N"
"535","Amal","Giselle","Forbes","WESTERN REGIONAL","Financial Administrator","mi.fringilla.mi@Loremipsumdolor.net","055 7905 5182","N","EARLY","","CN=Amal Giselle (agiselle),OU=People,O=OreosBelt,C=GB","N"
"536","Cedric","Addison","Freeman","OVERSEAS CHINA","IT Administrator","mollis@risusNunc.org","0845 46 40","N","EARLY","","CN=Cedric Addison (caddison),OU=People,O=OreosBelt,C=GB","N"
"537","Brynne","Josiah","Nichols","OVERSEAS SPAIN","Systems Administrator","Donec.est.Nunc@egestasligulaNullam.ca","0800 843 7453","N","EARLY","","CN=Brynne Josiah (bjosiah),OU=People,O=OreosBelt,C=GB","N"
"538","Shelby","Laura","Bates","OVERSEAS FRANCE","Legal Advisor","luctus@arcuimperdiet.net","(0181) 257 1508","N","EARLY","","CN=Shelby Laura (slaura),OU=People,O=OreosBelt,C=GB","N"
"539","Kyla","Len","Tyson","EASTERN REGIONAL","Financial Administrator","tellus.Phasellus.elit@NullamenimSed.edu","(016977) 1806","N","EARLY","","CN=Kyla Len (klen),OU=People,O=OreosBelt,C=GB","N"
"540","Kerry","Caleb","Macdonald","SOUTHERN REGIONAL","Desk Clerk","lectus.pede.et@laoreet.org","(0101) 642 1329","N","EARLY","","CN=Kerry Caleb (kcaleb),OU=People,O=OreosBelt,C=GB","N"
"541","Georgia","Pamela","Whitehead","OVERSEAS SPAIN","Legal Advisor","lacinia.orci@augueutlacus.edu","0911 533 5951","N","EARLY","","CN=Georgia Pamela (gpamela),OU=People,O=OreosBelt,C=GB","N"
"542","Ella","Nero","Drake","NORTHERN REGIONAL","Financial Administrator","lectus@molestieintempus.com","0324 866 3815","N","EARLY","","CN=Ella Nero (enero),OU=People,O=OreosBelt,C=GB","N"
"543","Mercedes","Zena","Stanton","WESTERN REGIONAL","Legal Advisor","Nunc.ut@Morbisit.co.uk","0800 1111","N","EARLY","","CN=Mercedes Zena (mzena),OU=People,O=OreosBelt,C=GB","N"
"544","Perry","MacKensie","Fuentes","HQ","Developer","blandit.congue@convallis.ca","(01365) 121827","N","EARLY","","CN=Perry MacKensie (pmackensie),OU=People,O=OreosBelt,C=GB","N"
"545","Dane","Karleigh","Ferguson","SOUTHERN REGIONAL","Legal Advisor","ligula.Nullam@felisNulla.net","0883 582 3083","N","LATE","","CN=Dane Karleigh (dkarleigh),OU=People,O=OreosBelt,C=GB","N"
"546","Sacha","Lyle","Zamora","SOUTHERN REGIONAL","Systems Administrator","urna@sit.ca","056 1345 5784","N","EARLY","","CN=Sacha Lyle (slyle),OU=People,O=OreosBelt,C=GB","N"
"547","Blake","Dustin","Buckner","WESTERN REGIONAL","Legal Advisor","urna@massaInteger.net","(0111) 812 4631","N","EARLY","","CN=Blake Dustin (bdustin),OU=People,O=OreosBelt,C=GB","N"
"548","Xenos","Phyllis","Santiago","OVERSEAS CHINA","IT Administrator","lorem@magnaPhasellus.ca","0919 615 6765","N","EARLY","","CN=Xenos Phyllis (xphyllis),OU=People,O=OreosBelt,C=GB","N"
"549","Paloma","Reed","Holmes","OVERSEAS CHINA","Desk Clerk","rutrum.lorem@luctusaliquetodio.net","07624 375145","N","EARLY","","CN=Paloma Reed (preed),OU=People,O=OreosBelt,C=GB","N"
"600","Xantha","Marvin","Kerr","SOUTHERN REGIONAL","Legal Advisor","viverra.Maecenas.iaculis@duiCum.edu","0845 46 41","N","EARLY","","CN=Xantha Marvin (xmarvin),OU=People,O=OreosBelt,C=GB","N"
"601","Austin","Zephr","Bowman","SOUTHERN REGIONAL","Developer","consectetuer.euismod@placerat.ca","0897 370 4686","N","EARLY","","CN=Austin Zephr (azephr),OU=People,O=OreosBelt,C=GB","N"
"602","Shea","Ivory","Williamson","OVERSEAS SPAIN","Financial Administrator","a.enim.Suspendisse@lacinia.com","(017712) 84490","N","EARLY","","CN=Shea Ivory (sivory),OU=People,O=OreosBelt,C=GB","N"
"603","Fritz","Vincent","Jackson","WESTERN REGIONAL","IT Administrator","pellentesque.eget.dictum@id.ca","0800 1111","N","EARLY","","CN=Fritz Vincent (fvincent),OU=People,O=OreosBelt,C=GB","N"
"604","Xerxes","Tiger","Donovan","OVERSEAS SPAIN","Systems Administrator","ultricies@nuncacmattis.ca","076 3750 6534","N","EARLY","","CN=Xerxes Tiger (xtiger),OU=People,O=OreosBelt,C=GB","N"
"605","Chase","Kyle","Osborne","EASTERN REGIONAL","IT Administrator","odio@sapienAeneanmassa.org","(025) 6306 7263","N","LATE","","CN=Chase Kyle (ckyle),OU=People,O=OreosBelt,C=GB","N"
"606","Chester","Derek","Holcomb","OVERSEAS CHINA","Developer","turpis.non.enim@euarcu.net","0800 520780","N","EARLY","","CN=Chester Derek (cderek),OU=People,O=OreosBelt,C=GB","N"
"607","Pandora","Devin","Allen","NORTHERN REGIONAL","IT Administrator","orci.sem@ipsum.org","(016977) 8758","N","EARLY","","CN=Pandora Devin (pdevin),OU=People,O=OreosBelt,C=GB","N"
"608","Neve","Zane","Head","WESTERN REGIONAL","IT Administrator","orci.Phasellus.dapibus@aliquam.net","0893 834 9870","N","EARLY","","CN=Neve Zane (nzane),OU=People,O=OreosBelt,C=GB","N"
"609","Selma","Hanna","Bray","OVERSEAS FRANCE","Developer","adipiscing.lobortis.risus@Aeneanegestas.ca","0946 609 5516","N","EARLY","","CN=Selma Hanna (shanna),OU=People,O=OreosBelt,C=GB","N"
"610","Claudia","Xerxes","Ortega","EASTERN REGIONAL","Legal Advisor","leo.elementum@necorciDonec.co.uk","0313 981 0253","N","EARLY","","CN=Claudia Xerxes (cxerxes),OU=People,O=OreosBelt,C=GB","N"
"611","Channing","Deanna","Osborn","HQ","Desk Clerk","non.lorem.vitae@Pellentesque.ca","0800 1111","N","LATE","","CN=Channing Deanna (cdeanna),OU=People,O=OreosBelt,C=GB","N"
"612","Calvin","Dante","Hamilton","OVERSEAS CHINA","Systems Administrator","a@eu.net","070 8058 0804","N","EARLY","","CN=Calvin Dante (cdante),OU=People,O=OreosBelt,C=GB","N"
"613","Jolene","Warren","Hopkins","EASTERN REGIONAL","Financial Administrator","odio.sagittis@purus.edu","(0119) 836 1725","N","EARLY","","CN=Jolene Warren (jwarren),OU=People,O=OreosBelt,C=GB","N"
"614","Victor","Petra","Curtis","HQ","IT Administrator","at@hendreritneque.co.uk","07624 150854","N","LATE","","CN=Victor Petra (vpetra),OU=People,O=OreosBelt,C=GB","N"
"615","Sharon","Zenaida","Dominguez","HQ","IT Administrator","libero.dui@ipsum.edu","(0161) 920 2963","N","EARLY","","CN=Sharon Zenaida (szenaida),OU=People,O=OreosBelt,C=GB","N"
"616","Linus","Leigh","Watts","SOUTHERN REGIONAL","Systems Administrator","mollis.dui@necenim.net","0908 163 6832","N","EARLY","","CN=Linus Leigh (lleigh),OU=People,O=OreosBelt,C=GB","N"
"617","Dorothy","Mollie","Goodman","NORTHERN REGIONAL","Financial Administrator","amet.ultricies.sem@cursusvestibulumMauris.net","0938 468 2147","N","EARLY","","CN=Dorothy Mollie (dmollie),OU=People,O=OreosBelt,C=GB","N"
"618","Mufutau","Joshua","Francis","OVERSEAS CHINA","Desk Clerk","eget@Aliquam.com","(01415) 222711","N","EARLY","","CN=Mufutau Joshua (mjoshua),OU=People,O=OreosBelt,C=GB","N"
"619","Jarrod","Tamekah","Hodges","WESTERN REGIONAL","Financial Administrator","pellentesque.tellus@rutrum.net","(016977) 3137","N","EARLY","","CN=Jarrod Tamekah (jtamekah),OU=People,O=OreosBelt,C=GB","N"
"620","Blythe","Zachary","Rice","WESTERN REGIONAL","Legal Advisor","torquent.per@dictum.net","0800 1111","N","EARLY","","CN=Blythe Zachary (bzachary),OU=People,O=OreosBelt,C=GB","N"
"621","Rowan","Thor","Alford","NORTHERN REGIONAL","Desk Clerk","Aliquam.auctor@rhoncusid.ca","055 9482 3997","N","EARLY","","CN=Rowan Thor (rthor),OU=People,O=OreosBelt,C=GB","N"
"622","Blake","Drew","Dyer","EASTERN REGIONAL","Systems Administrator","dui.Fusce.aliquam@feugiat.com","(0111) 577 3085","Y","EARLY","","CN=Blake Drew (bdrew),OU=People,O=OreosBelt,C=GB","N"
"623","August","Porter","Stark","WESTERN REGIONAL","Systems Administrator","ut.nisi@imperdietdictummagna.edu","055 3934 2919","N","EARLY","","CN=August Porter (aporter),OU=People,O=OreosBelt,C=GB","N"
"624","Nash","Sierra","Mckay","SOUTHERN REGIONAL","Financial Administrator","purus.in@vehiculaPellentesque.edu","055 0804 1480","N","EARLY","","CN=Nash Sierra (nsierra),OU=People,O=OreosBelt,C=GB","N"
"625","Xander","Dora","Workman","SOUTHERN REGIONAL","Legal Advisor","ornare.Fusce@quisturpisvitae.edu","(016977) 8944","N","EARLY","","CN=Xander Dora (xdora),OU=People,O=OreosBelt,C=GB","N"
"626","Moses","Justina","Schroeder","WESTERN REGIONAL","Developer","Proin.nisl.sem@ornarelectus.co.uk","0891 039 3973","N","EARLY","","CN=Moses Justina (mjustina),OU=People,O=OreosBelt,C=GB","N"
"627","Rigel","Buffy","Parrish","HQ","Desk Clerk","per.inceptos.hymenaeos@velit.co.uk","0845 607 5838","N","EARLY","","CN=Rigel Buffy (rbuffy),OU=People,O=OreosBelt,C=GB","N"
"628","George","Theodore","Colon","OVERSEAS FRANCE","Developer","vitae.mauris.sit@sed.ca","(026) 0349 0448","N","EARLY","","CN=George Theodore (gtheodore),OU=People,O=OreosBelt,C=GB","N"
"629","Baker","Herman","Horn","WESTERN REGIONAL","Developer","eu.enim@consectetuercursuset.co.uk","070 4932 6043","N","EARLY","","CN=Baker Herman (bherman),OU=People,O=OreosBelt,C=GB","N"
"630","Mira","Clarke","Sosa","OVERSEAS SPAIN","Legal Advisor","metus.In.lorem@nislQuisquefringilla.org","0834 440 9004","N","EARLY","","CN=Mira Clarke (mclarke),OU=People,O=OreosBelt,C=GB","N"
"631","Raven","Jolene","Short","OVERSEAS SPAIN","Desk Clerk","Donec.tincidunt@pedenonummyut.com","0800 324 2127","N","EARLY","","CN=Raven Jolene (rjolene),OU=People,O=OreosBelt,C=GB","N"
"632","Carlos","Francis","Finley","WESTERN REGIONAL","Developer","Curae.Donec.tincidunt@etipsum.co.uk","0500 145288","N","EARLY","","CN=Carlos Francis (cfrancis),OU=People,O=OreosBelt,C=GB","N"
"633","May","Mara","Brock","SOUTHERN REGIONAL","IT Administrator","libero@egetnisidictum.co.uk","055 7001 7106","N","EARLY","","CN=May Mara (mmara),OU=People,O=OreosBelt,C=GB","N"
"634","Carson","Fuller","Hutchinson","OVERSEAS SPAIN","Legal Advisor","nulla@risusodioauctor.edu","(024) 6004 5436","N","EARLY","","CN=Carson Fuller (cfuller),OU=People,O=OreosBelt,C=GB","N"
"635","Brock","Lev","Sparks","HQ","Desk Clerk","ac@ac.org","055 0022 8983","N","LATE","","CN=Brock Lev (blev),OU=People,O=OreosBelt,C=GB","N"
"636","Yael","Duncan","Lowe","OVERSEAS SPAIN","Legal Advisor","malesuada@Maurisvel.net","0500 497119","N","EARLY","","CN=Yael Duncan (yduncan),OU=People,O=OreosBelt,C=GB","N"
"637","Derek","Florence","Rutledge","EASTERN REGIONAL","Desk Clerk","at.auctor@enimconsequat.co.uk","056 5496 3215","N","EARLY","","CN=Derek Florence (dflorence),OU=People,O=OreosBelt,C=GB","N"
"638","Alfreda","Dylan","Blackwell","OVERSEAS CHINA","Desk Clerk","diam.Pellentesque@DonectinciduntDonec.edu","0924 973 9581","N","EARLY","","CN=Alfreda Dylan (adylan),OU=People,O=OreosBelt,C=GB","N"
"639","Riley","Cooper","Zimmerman","WESTERN REGIONAL","Legal Advisor","in.consectetuer.ipsum@loremloremluctus.net","(0113) 209 7947","N","EARLY","","CN=Riley Cooper (rcooper),OU=People,O=OreosBelt,C=GB","N"
"640","Herman","Marah","Spence","WESTERN REGIONAL","Legal Advisor","cursus@consectetuer.ca","055 4817 9150","N","EARLY","","CN=Herman Marah (hmarah),OU=People,O=OreosBelt,C=GB","N"
"641","Hedy","Amery","Cross","OVERSEAS SPAIN","IT Administrator","nunc@pretiumetrutrum.com","0800 322482","N","LATE","","CN=Hedy Amery (hamery),OU=People,O=OreosBelt,C=GB","N"
"642","Geoffrey","Ocean","Richards","HQ","Legal Advisor","Cras.eu.tellus@odiosemper.co.uk","0845 46 48","N","EARLY","","CN=Geoffrey Ocean (gocean),OU=People,O=OreosBelt,C=GB","N"
"643","Rhiannon","Magee","Day","EASTERN REGIONAL","Desk Clerk","pede@luctusaliquet.co.uk","076 4211 3404","N","EARLY","","CN=Rhiannon Magee (rmagee),OU=People,O=OreosBelt,C=GB","N"
"644","Shafira","Arsenio","Nash","EASTERN REGIONAL","Legal Advisor","Maecenas.libero.est@sapienCras.net","07624 445259","N","EARLY","","CN=Shafira Arsenio (sarsenio),OU=People,O=OreosBelt,C=GB","N"
"645","Dawn","Kaitlin","Mitchell","OVERSEAS SPAIN","Desk Clerk","commodo.at@natoquepenatibuset.com","(01050) 070484","N","EARLY","","CN=Dawn Kaitlin (dkaitlin),OU=People,O=OreosBelt,C=GB","N"
"646","Kermit","Graham","Rowland","NORTHERN REGIONAL","IT Administrator","non@tellus.edu","056 9260 5944","Y","EARLY","","CN=Kermit Graham (kgraham),OU=People,O=OreosBelt,C=GB","N"
"647","Julian","Medge","Dixon","OVERSEAS SPAIN","Developer","risus.at.fringilla@mi.co.uk","0819 502 2879","N","EARLY","","CN=Julian Medge (jmedge),OU=People,O=OreosBelt,C=GB","N"
"648","Orli","Kirby","Holland","OVERSEAS CHINA","Financial Administrator","sociis@tellus.org","(029) 7850 0145","N","EARLY","","CN=Orli Kirby (okirby),OU=People,O=OreosBelt,C=GB","N"
"649","Jamalia","Blossom","Gonzales","SOUTHERN REGIONAL","IT Administrator","bibendum.fermentum@Nullamlobortis.net","055 4128 5368","N","EARLY","","CN=Jamalia Blossom (jblossom),OU=People,O=OreosBelt,C=GB","N"
"650","Zia","Hollee","Tyler","EASTERN REGIONAL","Desk Clerk","molestie.tellus.Aenean@justo.ca","0847 982 8089","N","EARLY","","CN=Zia Hollee (zhollee),OU=People,O=OreosBelt,C=GB","N"
"651","Barry","Ginger","Oneil","HQ","Desk Clerk","eleifend.non.dapibus@quamvel.co.uk","076 9529 0277","N","EARLY","","CN=Barry Ginger (bginger),OU=People,O=OreosBelt,C=GB","N"
"652","Iris","Aquila","Cooper","OVERSEAS CHINA","Desk Clerk","ullamcorper.viverra@pedeCrasvulputate.ca","(016977) 0642","N","EARLY","","CN=Iris Aquila (iaquila),OU=People,O=OreosBelt,C=GB","N"
"653","Kendall","Lucy","Goodman","OVERSEAS SPAIN","Developer","orci.adipiscing@Duiscursus.edu","(028) 7510 1325","N","EARLY","","CN=Kendall Lucy (klucy),OU=People,O=OreosBelt,C=GB","N"
"654","Finn","Aidan","Bender","OVERSEAS CHINA","Financial Administrator","mauris.elit@scelerisqueneque.edu","0310 845 4586","N","EARLY","","CN=Finn Aidan (faidan),OU=People,O=OreosBelt,C=GB","N"
"655","Minerva","Andrew","Garrett","SOUTHERN REGIONAL","Developer","ut.lacus@ametconsectetuer.co.uk","(0116) 737 7057","N","EARLY","","CN=Minerva Andrew (mandrew),OU=People,O=OreosBelt,C=GB","N"
"656","Barclay","Cain","Walter","EASTERN REGIONAL","Developer","vulputate.velit@pellentesque.ca","(01060) 003201","N","EARLY","","CN=Barclay Cain (bcain),OU=People,O=OreosBelt,C=GB","N"
"657","Melanie","Kim","Pierce","OVERSEAS SPAIN","Developer","hendrerit.a@dis.org","(01388) 032607","N","EARLY","","CN=Melanie Kim (mkim),OU=People,O=OreosBelt,C=GB","N"
"658","Reece","Garth","Waller","OVERSEAS SPAIN","Legal Advisor","turpis.egestas.Aliquam@ullamcorper.org","0800 1111","Y","LATE","","CN=Reece Garth (rgarth),OU=People,O=OreosBelt,C=GB","N"
"659","Claudia","Burton","Bridges","HQ","Systems Administrator","ultrices@ullamcorper.org","07624 305265","N","EARLY","","CN=Claudia Burton (cburton),OU=People,O=OreosBelt,C=GB","N"
"660","Theodore","Ori","Woods","OVERSEAS CHINA","Financial Administrator","eu.tempor@penatibuset.com","(0151) 798 2879","N","EARLY","","CN=Theodore Ori (tori),OU=People,O=OreosBelt,C=GB","N"
"661","Nathan","Tashya","Shaffer","OVERSEAS SPAIN","Developer","eleifend@tacitisociosqu.co.uk","056 5250 5044","N","EARLY","","CN=Nathan Tashya (ntashya),OU=People,O=OreosBelt,C=GB","N"
"662","Shelley","Nash","Bean","OVERSEAS FRANCE","Financial Administrator","consectetuer@id.ca","0328 661 1149","N","EARLY","","CN=Shelley Nash (snash),OU=People,O=OreosBelt,C=GB","N"
"663","Kiayada","Jaquelyn","Palmer","OVERSEAS SPAIN","Desk Clerk","mauris.sagittis@nequeseddictum.org","0800 342 5112","N","EARLY","","CN=Kiayada Jaquelyn (kjaquelyn),OU=People,O=OreosBelt,C=GB","N"
"664","Noah","Alika","Moody","WESTERN REGIONAL","Developer","diam.Pellentesque.habitant@metus.ca","(01813) 901313","N","EARLY","","CN=Noah Alika (nalika),OU=People,O=OreosBelt,C=GB","N"
"665","Willow","Leandra","Snow","HQ","IT Administrator","tortor.nibh@diamlorem.net","(016977) 3429","N","LATE","","CN=Willow Leandra (wleandra),OU=People,O=OreosBelt,C=GB","N"
"666","Quemby","Jerome","Farley","OVERSEAS CHINA","Desk Clerk","Phasellus@Pellentesque.net","07924 329338","N","EARLY","","CN=Quemby Jerome (qjerome),OU=People,O=OreosBelt,C=GB","N"
"667","Peter","Teagan","Harrington","NORTHERN REGIONAL","Developer","pellentesque@risusDonecnibh.ca","(027) 8294 1657","Y","EARLY","","CN=Peter Teagan (pteagan),OU=People,O=OreosBelt,C=GB","N"
"668","Georgia","Owen","Zimmerman","OVERSEAS SPAIN","Legal Advisor","velit@feugiat.edu","07624 337064","N","EARLY","","CN=Georgia Owen (gowen),OU=People,O=OreosBelt,C=GB","N"
"669","Sade","Kelly","Boyle","NORTHERN REGIONAL","Systems Administrator","egestas@Fusce.edu","(016977) 8302","N","EARLY","","CN=Sade Kelly (skelly),OU=People,O=OreosBelt,C=GB","N"
"670","Clark","Lawrence","Hanson","OVERSEAS FRANCE","Developer","leo.Morbi@Cras.ca","(028) 2552 8247","N","EARLY","","CN=Clark Lawrence (clawrence),OU=People,O=OreosBelt,C=GB","N"
"671","Rae","Channing","Mcmillan","OVERSEAS SPAIN","Financial Administrator","libero.est.congue@purusNullamscelerisque.org","0886 363 5747","N","EARLY","","CN=Rae Channing (rchanning),OU=People,O=OreosBelt,C=GB","N"
"672","Yasir","Sylvia","Becker","EASTERN REGIONAL","Desk Clerk","Fusce.fermentum.fermentum@duinectempus.co.uk","0881 805 2875","N","EARLY","","CN=Yasir Sylvia (ysylvia),OU=People,O=OreosBelt,C=GB","N"
"673","Owen","Martin","Nolan","SOUTHERN REGIONAL","IT Administrator","sed.est.Nunc@dolor.co.uk","(0119) 221 8295","N","EARLY","","CN=Owen Martin (omartin),OU=People,O=OreosBelt,C=GB","N"
"674","Sylvia","Kitra","Logan","SOUTHERN REGIONAL","Legal Advisor","quis@euismod.net","(01762) 04768","N","EARLY","","CN=Sylvia Kitra (skitra),OU=People,O=OreosBelt,C=GB","N"
"675","Kylan","Juliet","Neal","SOUTHERN REGIONAL","Legal Advisor","turpis.non@tacitisociosquad.net","076 3526 7384","N","EARLY","","CN=Kylan Juliet (kjuliet),OU=People,O=OreosBelt,C=GB","N"
"676","Isaiah","Ruth","Kane","HQ","Systems Administrator","auctor.vitae@liberoProin.org","(022) 6361 4703","N","EARLY","","CN=Isaiah Ruth (iruth),OU=People,O=OreosBelt,C=GB","N"
"677","Beck","Baker","Riley","SOUTHERN REGIONAL","Desk Clerk","ullamcorper@fermentum.edu","0855 508 4502","N","EARLY","","CN=Beck Baker (bbaker),OU=People,O=OreosBelt,C=GB","N"
"678","Martha","Jocelyn","Gilliam","SOUTHERN REGIONAL","Legal Advisor","rutrum.magna@dictumProin.org","0935 650 7138","N","EARLY","","CN=Martha Jocelyn (mjocelyn),OU=People,O=OreosBelt,C=GB","N"
"679","Malcolm","Brynn","Roach","EASTERN REGIONAL","Desk Clerk","augue.eu@non.edu","0377 379 5677","N","LATE","","CN=Malcolm Brynn (mbrynn),OU=People,O=OreosBelt,C=GB","N"
"680","Ferris","Valentine","Graham","OVERSEAS CHINA","IT Administrator","dis@magnaPraesent.edu","0979 754 5021","N","EARLY","","CN=Ferris Valentine (fvalentine),OU=People,O=OreosBelt,C=GB","N"
"681","Jonah","Xander","Gregory","WESTERN REGIONAL","IT Administrator","tortor@Maurisvel.org","0801 926 6951","N","EARLY","","CN=Jonah Xander (jxander),OU=People,O=OreosBelt,C=GB","N"
"682","Arthur","Ray","Levine","OVERSEAS SPAIN","Desk Clerk","lectus.rutrum@odioAliquam.edu","07328 767846","N","EARLY","","CN=Arthur Ray (aray),OU=People,O=OreosBelt,C=GB","N"
"683","Paloma","Yuri","Grimes","SOUTHERN REGIONAL","Systems Administrator","Integer.sem@variuseteuismod.org","0372 470 1674","N","EARLY","","CN=Paloma Yuri (pyuri),OU=People,O=OreosBelt,C=GB","N"
"684","Tanek","Claudia","Holland","HQ","Financial Administrator","id@arcuVestibulumante.ca","07137 469477","N","EARLY","","CN=Tanek Claudia (tclaudia),OU=People,O=OreosBelt,C=GB","N"
"685","Chancellor","Meredith","Ward","NORTHERN REGIONAL","Desk Clerk","Proin@nislelementum.net","076 4819 8678","N","EARLY","","CN=Chancellor Meredith (cmeredith),OU=People,O=OreosBelt,C=GB","N"
"686","Danielle","Petra","Cook","OVERSEAS SPAIN","IT Administrator","vel.venenatis@risus.edu","(01477) 655149","N","LATE","","CN=Danielle Petra (dpetra),OU=People,O=OreosBelt,C=GB","N"
"687","MacKensie","Ava","Frost","EASTERN REGIONAL","Systems Administrator","Fusce.fermentum.fermentum@Aliquamrutrumlorem.com","070 1544 8378","N","EARLY","","CN=MacKensie Ava (mava),OU=People,O=OreosBelt,C=GB","N"
"688","Yvette","Ezekiel","Howard","OVERSEAS CHINA","Legal Advisor","ipsum.primis@temporaugueac.edu","(01235) 369506","N","EARLY","","CN=Yvette Ezekiel (yezekiel),OU=People,O=OreosBelt,C=GB","N"
"689","Rosalyn","Samuel","Whitfield","HQ","Financial Administrator","quam.Pellentesque.habitant@nonjustoProin.ca","(016977) 7741","N","EARLY","","CN=Rosalyn Samuel (rsamuel),OU=People,O=OreosBelt,C=GB","N"
"690","Miranda","Calista","Gonzalez","HQ","Desk Clerk","Nullam.ut.nisi@Aenean.ca","0954 590 7648","N","EARLY","","CN=Miranda Calista (mcalista),OU=People,O=OreosBelt,C=GB","N"
"691","Lani","Jescie","Johnson","EASTERN REGIONAL","Desk Clerk","Sed.auctor@mauriselit.net","07624 854776","Y","EARLY","","CN=Lani Jescie (ljescie),OU=People,O=OreosBelt,C=GB","N"
"692","Amber","Leandra","Russo","OVERSEAS SPAIN","Legal Advisor","adipiscing.elit.Curabitur@iaculislacus.net","07624 773363","N","EARLY","","CN=Amber Leandra (aleandra),OU=People,O=OreosBelt,C=GB","N"
"693","Lacey","Richard","Lynch","OVERSEAS SPAIN","Financial Administrator","magna@maurissapien.co.uk","070 3471 5854","N","EARLY","","CN=Lacey Richard (lrichard),OU=People,O=OreosBelt,C=GB","N"
"694","Ariana","Melanie","Miranda","WESTERN REGIONAL","Systems Administrator","elit.dictum@pedeet.ca","(023) 6169 5530","N","EARLY","","CN=Ariana Melanie (amelanie),OU=People,O=OreosBelt,C=GB","N"
"695","Hayden","Stacey","Jacobs","OVERSEAS FRANCE","IT Administrator","pretium.neque@AeneanmassaInteger.edu","0800 690826","N","EARLY","","CN=Hayden Stacey (hstacey),OU=People,O=OreosBelt,C=GB","N"
"696","Wynne","Nolan","Dorsey","EASTERN REGIONAL","Desk Clerk","suscipit@sodaleseliterat.com","(0141) 590 5554","N","EARLY","","CN=Wynne Nolan (wnolan),OU=People,O=OreosBelt,C=GB","N"
"697","Kasper","Vincent","Newton","OVERSEAS FRANCE","Desk Clerk","In.mi@vitae.edu","(028) 4769 4498","N","EARLY","","CN=Kasper Vincent (kvincent),OU=People,O=OreosBelt,C=GB","N"
"698","Allegra","Alexa","Warner","OVERSEAS CHINA","Desk Clerk","Donec.consectetuer@egetmetuseu.org","0800 1111","N","EARLY","","CN=Allegra Alexa (aalexa),OU=People,O=OreosBelt,C=GB","N"
"699","Felix","Tiger","Delaney","SOUTHERN REGIONAL","Desk Clerk","In.nec.orci@congue.org","0820 366 4172","N","LATE","","CN=Felix Tiger (ftiger),OU=People,O=OreosBelt,C=GB","N"
"1000","Test","None","User0","HQ","Desk Clerk","tester0@greattesters.org","0845 666 1000","N","EARLY","TESTERS","CN=Test User0 (tuser0),OU=People,O=OreosBelt,C=GB","Y"
"1001","Test","None","User1","HQ","Desk Clerk","tester1@greattesters.org","0845 666 1001","N","EARLY","TESTERS","CN=Test User1 (tuser1),OU=People,O=OreosBelt,C=GB","Y"
"1002","Test","None","User2","HQ","Desk Clerk","tester2@greattesters.org","0845 666 1002","N","EARLY","TESTERS","CN=Test User2 (tuser2),OU=People,O=OreosBelt,C=GB","Y"
"1003","Test","None","User3","HQ","Desk Clerk","tester3@greattesters.org","0845 666 1003","N","EARLY","TESTERS","CN=Test User3 (tuser3),OU=People,O=OreosBelt,C=GB","Y"
"1004","Test","None","User4","HQ","Desk Clerk","tester4@greattesters.org","0845 666 1004","N","EARLY","TESTERS","CN=Test User4 (tuser4),OU=People,O=OreosBelt,C=GB","Y"
"1005","Test","None","User5","HQ","Desk Clerk","tester5@greattesters.org","0845 666 1005","N","EARLY","TESTERS","CN=Test User5 (tuser5),OU=People,O=OreosBelt,C=GB","Y"
"1006","Test","None","User6","HQ","Desk Clerk","tester6@greattesters.org","0845 666 1006","N","EARLY","TESTERS","CN=Test User6 (tuser6),OU=People,O=OreosBelt,C=GB","Y"
"1007","Test","None","User7","HQ","Desk Clerk","tester7@greattesters.org","0845 666 1007","N","EARLY","TESTERS","CN=Test User7 (tuser7),OU=People,O=OreosBelt,C=GB","Y"
"1008","Test","None","User8","HQ","Desk Clerk","tester8@greattesters.org","0845 666 1008","N","EARLY","TESTERS","CN=Test User8 (tuser8),OU=People,O=OreosBelt,C=GB","Y"
"1009","Test","None","User9","HQ","Desk Clerk","tester9@greattesters.org","0845 666 1009","N","EARLY","TESTERS","CN=Test User9 (tuser9),OU=People,O=OreosBelt,C=GB","Y"
"1010","Test","None","User10","HQ","Desk Clerk","tester10@greattesters.org","0845 666 1010","N","EARLY","TESTERS","CN=Test User10 (tuser10),OU=People,O=OreosBelt,C=GB","Y"
"1011","Test","None","User11","HQ","Desk Clerk","tester11@greattesters.org","0845 666 1011","N","EARLY","TESTERS","CN=Test User11 (tuser11),OU=People,O=OreosBelt,C=GB","Y"
"1012","Test","None","User12","HQ","Desk Clerk","tester12@greattesters.org","0845 666 1012","N","EARLY","TESTERS","CN=Test User12 (tuser12),OU=People,O=OreosBelt,C=GB","Y"
"1013","Test","None","User13","HQ","Desk Clerk","tester13@greattesters.org","0845 666 1013","N","EARLY","TESTERS","CN=Test User13 (tuser13),OU=People,O=OreosBelt,C=GB","Y"
"1014","Test","None","User14","HQ","Desk Clerk","tester14@greattesters.org","0845 666 1014","N","EARLY","TESTERS","CN=Test User14 (tuser14),OU=People,O=OreosBelt,C=GB","Y"
"1015","Test","None","User15","HQ","Desk Clerk","tester15@greattesters.org","0845 666 1015","N","EARLY","TESTERS","CN=Test User15 (tuser15),OU=People,O=OreosBelt,C=GB","Y"
"1016","Test","None","User16","HQ","Desk Clerk","tester16@greattesters.org","0845 666 1016","N","EARLY","TESTERS","CN=Test User16 (tuser16),OU=People,O=OreosBelt,C=GB","Y"
"1017","Test","None","User17","HQ","Desk Clerk","tester17@greattesters.org","0845 666 1017","N","EARLY","TESTERS","CN=Test User17 (tuser17),OU=People,O=OreosBelt,C=GB","Y"
"1018","Test","None","User18","HQ","Desk Clerk","tester18@greattesters.org","0845 666 1018","N","EARLY","TESTERS","CN=Test User18 (tuser18),OU=People,O=OreosBelt,C=GB","Y"
"1019","Test","None","User19","HQ","Desk Clerk","tester19@greattesters.org","0845 666 1019","N","EARLY","TESTERS","CN=Test User19 (tuser19),OU=People,O=OreosBelt,C=GB","Y"
"1020","Test","None","User20","HQ","Desk Clerk","tester20@greattesters.org","0845 666 1020","N","EARLY","TESTERS","CN=Test User20 (tuser20),OU=People,O=OreosBelt,C=GB","Y"
